id;tf;df;tdf
a;13;11;143
a-;1;1;1
aas;27;22;594
aat;39;23;897
aat’;4;1;4
aba;1;1;1
aban;17;15;255
aban-bainrua;6;5;30
abandona;5;4;20
abandonadu;1;1;1
abani;1;1;1
abastesimentu;6;6;36
abatu;2;1;2
abdul;1;1;1
abel;1;1;1
abele;2;2;4
abelita;2;1;2
aberta;3;1;3
aberta’;2;2;4
abertura;20;14;280
abeto;1;1;1
abilidade;4;3;12
abilio;2;2;4
abitante;1;1;1
abitasaun;6;5;30
abordajen;1;1;1
about;1;1;1
abr;16;10;160
abranje;6;6;36
abranjente;1;1;1
abrigu;1;1;1
abril;47;36;1692
abríl;23;22;506
absoluta;1;1;1
abstensaun;11;8;88
abuzu;4;3;12
ac;3;3;9
acccto;2;1;2
ad;1;1;1
adalberto;4;1;4
adaljiza;2;1;2
adapta;1;1;1
adb;9;5;45
adekua;1;1;1
adekuadamente;1;1;1
adekuadu;2;2;4
adelina;3;1;3
adelino;4;3;12
adeptus;2;1;2
adere;1;1;1
adezaun;1;1;1
adhanom;1;1;1
adia;4;3;12
adisionál;10;4;40
adjudikasaun;1;1;1
adjuntu;8;6;48
administradora;2;2;4
administradór;28;17;476
administrasaun;50;39;1950
administration;1;1;1
administrativa;11;11;121
administrative;1;1;1
administrativu;12;10;120
administratrivu;1;1;1
admira;1;1;1
admite;1;1;1
adn;6;3;18
adopa;1;1;1
adopta;2;2;4
adriano;2;1;2
aduaneira;1;1;1
adubu;2;2;4
adubus;6;2;12
adultu;5;4;20
advisory;1;1;1
advokasia;2;2;4
aedes;1;1;1
aegypti;1;1;1
aemtl;7;2;14
aeroportu;17;13;221
aeródromu;3;1;3
aese;2;1;2
afairs;1;1;1
afaloikai;2;1;2
afavór;4;3;12
afeganistaun;7;1;7
afeita;3;3;9
afeitadu;1;1;1
afeta;8;8;64
afetadu;17;10;170
afetividade;1;1;1
afetu;1;1;1
affairs;1;1;1
afirma;40;34;1360
afirmasaun;3;3;9
afonso;9;4;36
agapito;1;1;1
agency;4;3;12
agora;108;78;8424
agostinho;7;5;35
agosto;1;1;1
agostu;149;111;16539
agradese;36;30;1080
agradesementu;2;2;4
agradesimentu;24;21;504
agredesimentu;1;1;1
agregasaun;1;1;1
agresaun;2;2;4
agrikola;2;1;2
agrikultura;28;18;504
agrikultór;26;9;234
agrikutór;1;1;1
agronomia;1;1;1
agríkola;8;6;48
agríkula;1;1;1
agríkultura;4;2;8
aguda;1;1;1
aguenta;3;1;3
agura;1;1;1
agustinho;1;1;1
agusto;2;2;4
agíkultor;1;1;1
ahi;12;9;108
ahi-suar;1;1;1
ahisaun;2;1;2
ahmid;1;1;1
ahu;1;1;1
ai;8;7;56
ai-daak;1;1;1
ai-fuan;1;1;1
ai-funan;1;1;1
ai-horis;1;1;1
ai-hán;48;26;1248
ai-hún;6;6;36
ai-kakeu;2;1;2
ai-kameli;9;3;27
ai-kasi;1;1;1
ai-kulat;7;1;7
ai-laran;2;2;4
ai-leba;2;2;4
ai-liku;1;1;1
ai-lo’ok;8;3;24
ai-mahoni;1;1;1
ai-maran;1;1;1
ai-moruk;15;6;90
ai-mutin;2;2;4
ai-oan;16;2;32
ai-parapa;2;1;2
ai-riin;7;5;35
ai-samtuku;3;2;6
ai-saria;1;1;1
ai-tarak;1;1;1
ai-uut;1;1;1
aiasa;1;1;1
aid;2;2;4
aidaba;1;1;1
aidaba-leten;1;1;1
aifaesa;12;5;60
aifunan;1;1;1
aihan;1;1;1
aileu;36;15;540
ain;8;7;56
ain-fatin;1;1;1
ainaro;1;1;1
ainaru;45;23;1035
aini;1;1;1
aipnl;9;3;27
air;1;1;1
airnorth;2;2;4
aisalegu;1;1;1
aitarak-laran;1;1;1
aiteas;1;1;1
aitemalau;1;1;1
aitemua;1;1;1
ajenadu;1;1;1
ajenda;6;5;30
ajendadu;1;1;1
ajenta;1;1;1
ajente;8;5;40
ajsm;3;1;3
ajuda;45;30;1350
ajudante;2;1;2
ajudu;4;4;16
ajudus;1;1;1
ajénsia;14;12;168
aka;1;1;1
akadémika;11;7;77
akadémiku;13;10;130
akait;1;1;1
akanunu;1;1;1
akara;23;11;253
akbar;1;1;1
akikultura;2;1;2
akizasaun;1;1;1
akizisaun;1;1;1
akollimentu;2;2;4
akompan;1;1;1
akompaña;30;30;900
akompañamentu;1;1;1
akontese;94;69;6486
akontesimentu;16;11;176
akordaun;2;1;2
akordu;43;23;989
akountabilidade;1;1;1
akreditadu;2;2;4
akrema;1;1;1
akresenta;126;124;15624
akresente;1;1;1
aktividade;1;1;1
aktu;6;6;36
akumula;3;3;9
akumuladu;1;1;1
akuza;1;1;1
al;5;2;10
al-hussein;2;1;2
al-kadhimi;1;1;1
al-khelaifi;1;1;1
al-taweel;1;1;1
alarga;1;1;1
alarico;11;6;66
alarma;1;1;1
alas;9;7;63
albano;2;1;2
albert;1;1;1
alberto;1;1;1
alcina;2;1;2
alcino;8;3;24
aldeia;119;57;6783
alein;2;2;4
aleixo;8;5;40
alem-de;1;1;1
alemaña;10;5;50
alerta;6;5;30
alexandrinho;3;1;3
alfa;6;5;30
alfonso;3;1;3
alfredo;4;2;8
aliadu;2;2;4
aliansa;1;1;1
alias;2;2;4
alimentár;6;6;36
alin;5;4;20
alito;1;1;1
alixo;1;1;1
aliña;1;1;1
alkatiri;6;4;24
alkatraun;3;1;3
all;1;1;1
alojamentu;3;3;9
aloka;8;7;56
alokadu;20;3;60
alola;4;2;8
alor;4;2;8
alpha;5;2;10
alta;6;6;36
altangerel;3;2;6
altenativa;1;1;1
altera;1;1;1
alterasaun;37;20;740
alternativa;4;4;16
alternativu;2;2;4
alto;2;2;4
altu;1;1;1
altura;2;2;4
aluc;1;1;1
aluga;5;3;15
aluk;1;1;1
alunu;5;4;20
alunus;1;1;1
alves;4;4;16
alvu;7;4;28
aléin;38;38;1444
alén;1;1;1
alíne;1;1;1
am;3;3;9
am-lichoe;1;1;1
ama-apa;1;1;1
amalia;1;1;1
aman;14;10;140
amaral;9;9;81
amaro;5;1;5
ambeno;1;1;1
ambenu;2;2;4
ambiente;29;19;551
ambiente’;1;1;1
ambientál;2;2;4
ambisaun;2;2;4
ambulante;1;1;1
ambulánsia;5;3;15
ameasa;7;7;49
amelia;1;1;1
amerika;3;3;9
amerikanu;21;13;273
ami;236;94;22184
ami-nia;45;29;1305
amigu;6;4;24
amizade;2;2;4
ammon;3;1;3
amo;3;2;6
amostra;2;1;2
amrt;7;1;7
amu;8;2;16
amy;6;1;6
américo;1;1;1
amérika;25;17;425
an;15;14;210
an-;1;1;1
ana;3;1;3
anacleto;3;1;3
analiza;8;8;64
anan;13;8;104
anarkizmu;1;1;1
anas;2;1;2
anct-tl;3;1;3
and;6;6;36
anderson;1;1;1
andrade;2;1;2
andre;2;1;2
andrea;1;1;1
andrew;2;2;4
andár;1;1;1
aned-tl;2;2;4
angelo;2;1;2
angguna;1;1;1
anguna;2;2;4
aniceto;10;8;80
anima;1;1;1
animasaun;2;2;4
animál;5;5;25
anin;27;9;243
anin-boot;2;2;4
anin’;2;2;4
aniversáriu;6;4;24
ano;6;3;18
anpm;1;1;1
ansi;2;1;2
antenna;1;1;1
anteriór;9;6;54
antes;16;15;240
antesendénsia;1;1;1
antesipa;3;3;9
anti;8;8;64
anti-golpe;2;1;2
antigu;3;3;9
antiretroviral;1;1;1
antoninho;3;3;9
antonio;19;15;285
antonov;1;1;1
antunes;3;3;9
antusiazmu;1;1;1
antónio;25;18;450
anu;1;1;1
anunsia;12;11;132
análize;6;6;36
anúnsia;2;2;4
anúnsiu;3;3;9
aparellu;1;1;1
apartir;1;1;1
aparénsia;1;1;1
apela;41;28;1148
apelu;5;5;25
apenas;1;1;1
aplika;38;32;1216
aplikante;1;1;1
aplikasaun;15;12;180
apoia;44;32;1408
apoiante;2;2;4
apoiu;135;74;9990
aportil;3;1;3
apostóliku;3;3;9
apreensaun;4;2;8
aprende;19;16;304
aprendijazen;1;1;1
aprendizajen;10;10;100
aprensaun;1;1;1
apresia;5;5;25
apresiasaun;9;8;72
apresiaun;1;1;1
aprezenta;38;29;1102
aprezenta-an;3;3;9
aprezentasaun;18;17;306
apropriadu;1;1;1
aprosimasaun;1;1;1
aprova;57;41;2337
aprovadu;3;3;9
aprovasaun;18;14;252
aproveita;18;15;270
aprovisionamentu;1;1;1
aprovizionamentu;10;8;80
aproximasaun;2;2;4
aradarat;1;1;1
arame;1;1;1
aranjamentu;1;1;1
aranka;15;6;90
arantes;12;9;108
araska;13;10;130
araujo;1;1;1
araújo;18;14;252
arbiru;20;13;260
arcanjo;1;1;1
area;7;3;21
areadór;1;1;1
arendamentu;3;1;3
argentina;1;1;1
arguida;1;1;1
aria;2;1;2
arigu;1;1;1
ariska;1;1;1
arjentina;6;3;18
arkidioseze;4;3;12
arkivu;3;3;9
arlindo;1;1;1
arma;5;4;20
armada;5;5;25
armadora;1;1;1
armajen;1;1;1
armajena;1;1;1
armajén;2;2;4
armanda;7;6;42
armas;4;1;4
armazena;1;1;1
armindo;28;19;532
armoniza;1;1;1
armonizasaun;1;1;1
armáriu;2;2;4
arnaldo;11;5;55
arquimino;2;1;2
arrendamentu;1;1;1
ars;1;1;1
ars-cov-;1;1;1
arsebispu;5;4;20
arsenio;4;1;4
arsénio;4;3;12
arte;19;7;133
arte-marsiál;15;9;135
artezanál;2;2;4
artezenatu;1;1;1
artificial;1;1;1
artigu;20;8;160
artista;1;1;1
arvid;1;1;1
arvin;1;1;1
arvind;1;1;1
arábia;1;1;1
as;1;1;1
asalta;1;1;1
asaltu;1;1;1
asasinatu;2;1;2
asaun;32;21;672
asdt;1;1;1
asean;3;2;6
asegura;26;22;572
aseita;4;3;12
aseitasaun;4;1;4
aselera;9;7;63
asembleia;1;1;1
asesores;1;1;1
asesu;93;78;7254
asesível;2;2;4
asesór;1;1;1
asidente;10;7;70
asina;48;26;1248
asinatur;1;1;1
asinatura;6;3;18
asintomátiku;2;2;4
asiste;2;2;4
asistente;4;3;12
asisténsia;13;13;169
asosia;1;1;1
asosiasaun;17;11;187
asosiativizmu;1;1;1
asphalting;1;1;1
aspirasaun;2;2;4
assi;1;1;1
assis;1;1;1
association;1;1;1
assun;4;3;12
astrazeneca;51;24;1224
astrazeneca-austrália;1;1;1
astrazeneka;1;1;1
astronómiku;1;1;1
asume;18;15;270
asuntu;54;44;2376
aswa’in;2;2;4
aswa’in’;1;1;1
asédiu;2;1;2
atabae;11;6;66
ataka;1;1;1
atakasaun;1;1;1
atake;5;4;20
atambua;5;3;15
atan;2;2;4
atanacio;1;1;1
atanasio;1;1;1
ataurotourism;1;1;1
atauru;1;1;1
ataúru;23;10;230
aten-barani;2;1;2
atende;8;8;64
atendementu;1;1;1
atendimentu;15;11;165
atensaun;36;23;828
aterajen;2;2;4
ateru;1;1;1
atha;2;1;2
atinje;35;24;840
atinji;2;2;4
atitude;1;1;1
ativa;2;2;4
ativamente;2;1;2
atividadade;1;1;1
atividade;128;80;10240
atividades;1;1;1
ativizmu;1;1;1
ativu;33;26;858
atkoma;1;1;1
atleta;7;3;21
atletizmu;2;2;4
atrai;7;5;35
atrativu;1;1;1
através;1;1;1
atribui;11;8;88
atribuisaun;2;2;4
atributu;7;3;21
atsabe;3;2;6
atu;1214;483;586362
atua;1;1;1
atualiza;5;5;25
atualizadu;1;1;1
atualizasaun;3;2;6
atualmente;1;1;1
atuasaun;6;4;24
atus;8;6;48
atus-ida;1;1;1
atus-ida-lima;1;1;1
atus-ida-tolunulu;1;1;1
atus-neen;1;1;1
atus-rua;1;1;1
atus-rua-tolu;1;1;1
atuál;15;14;210
até;2;2;4
au;1;1;1
audian;1;1;1
audit;1;1;1
auditóriu;5;5;25
audiénsia;3;3;9
audénsia;1;1;1
augusto;6;4;24
aula;48;22;1056
aumenta;43;30;1290
aumentu;4;2;8
aurang;1;1;1
aurélio;2;1;2
australia;2;2;4
australian;1;1;1
australianu;1;1;1
austria;3;1;3
austrál;1;1;1
austrália;65;28;1820
auto;2;2;4
auto-;1;1;1
auto-determinasaun;1;1;1
auto-empregu;5;2;10
auto-izolamentu;1;1;1
auto-konfinamentu;1;1;1
automatikamente;2;2;4
automátika;2;2;4
automóvel;2;2;4
autonomista;1;1;1
autoria;1;1;1
autoridade;102;71;7242
autoriza;18;14;252
autorizasaun;36;21;756
autralian;1;1;1
auténtiku;1;1;1
autónomo;1;1;1
autópsia;2;1;2
autór;6;6;36
auzenta;1;1;1
avakuasaun;1;1;1
avaliasaun;4;4;16
avansa;4;4;16
avansadu;5;5;25
avaria;1;1;1
avariasaun;2;1;2
ave;1;1;1
aviaun;8;6;48
aviza;2;2;4
avizu;3;2;6
avó;1;1;1
ay;1;1;1
ayoe;2;1;2
aziátiku;13;10;130
aéreo;1;1;1
aéreu;7;2;14
b;9;5;45
ba;3166;616;1950256
ba-mai;6;5;30
baboe-leste;1;1;1
babulo;1;1;1
babulu;4;3;12
badaen;2;2;4
badak;26;20;520
badinas;3;3;9
baduru;3;1;3
badut-mean;1;1;1
baer;2;1;2
baghdad;1;1;1
baguia;2;2;4
bahasahe;4;1;4
bai-loro;2;2;4
baibain;10;8;80
bainhira;5;5;25
bainrua;2;2;4
bairu;12;7;84
bairu-pité;12;4;48
baixa;21;18;378
baku;15;13;195
balada;1;1;1
balansu;1;1;1
bali;2;2;4
balibar;1;1;1
balibó;4;4;16
balide;6;5;30
baliza;1;1;1
baltazar;4;1;4
balu;206;129;26574
balun;3;3;9
banati;2;1;2
bandeira;7;3;21
bandu;30;21;630
bankada;3;2;6
banku;8;7;56
bano;6;4;24
baqi;1;1;1
bara-barak;5;4;20
barabarak;1;1;1
barajen;5;1;5
barak;130;90;11700
barani;3;1;3
baratu;3;2;6
barbarak;1;1;1
barcelona;10;2;20
barco;2;1;2
barreto;8;6;48
barris;2;1;2
barros;2;2;4
baru;2;2;4
baruk;2;1;2
basa-liman;1;1;1
basilio;2;1;2
basílio;6;2;12
batako;1;1;1
batallau;1;1;1
batallaun;4;4;16
batar;2;2;4
batat;1;1;1
bateria;3;1;3
batugade;2;2;4
batugadé;3;3;9
baucau;6;1;6
baukau;60;38;2280
baunilla;3;1;3
baut;1;1;1
baxarelatu;2;2;4
bazar-baratu;1;1;1
bazartete;2;1;2
baze;12;11;132
bazeia;28;27;756
baía;3;1;3
bbc;12;10;120
bbm;1;1;1
bctl;1;1;1
be;1;1;1
beach;5;1;5
bearer;1;1;1
bebeik;2;1;2
bebora;3;2;6
bebé;25;6;150
bee;70;29;2030
bee-boot;1;1;1
bee-dalan;2;1;2
bee-dois;4;1;4
bee-manas;1;1;1
bee-matan;7;4;28
bee-moos;55;19;1045
bee-mos;1;1;1
bee-sa’e;2;2;4
bee’;2;2;4
bei-ala;2;2;4
bei-oan;4;2;8
beibeik;17;16;272
bein-vindu;1;1;1
beiseuk;2;2;4
bei’ala;2;1;2
bekora;31;17;527
bekora’;1;1;1
bekusi;6;2;12
belar;1;1;1
belarmino;1;1;1
bele;470;263;123610
belo;69;51;3519
belu;2;1;2
belun;2;2;4
bem-estar;2;1;2
bemo;3;2;6
ben-vindu;1;1;1
benefisia;5;4;20
benefisiu;1;1;1
benefisiáriu;29;21;609
benefisíariu;1;1;1
benefísia;4;3;12
benefísiu;7;7;49
benifisiária;1;1;1
benjamin;6;3;18
bennet;2;1;2
bennett;3;1;3
bens;3;3;9
bensa-liman;1;1;1
bensaun;1;1;1
beremau;3;1;3
berlin;1;1;1
berlin-nakroma;1;1;1
berlin-ramelau;8;2;16
bernardo;3;1;3
berta;6;6;36
berusaha;1;1;1
beseuk;1;1;1
besi;3;3;9
besik;55;44;2420
beta;1;1;1
betano;1;1;1
betanu;10;6;60
beto;1;1;1
beto-tasi;1;1;1
bezeja;1;1;1
be’e;1;1;1
bianco;1;1;1
biasa;1;1;1
biban;9;9;81
bidau;3;3;9
biden;5;1;5
bikeli;2;1;2
bilal;1;1;1
bilateral;1;1;1
bilaterál;1;1;1
billaun;10;4;40
billete;4;2;8
bimoli;1;1;1
biodiversidsde;1;1;1
biontech;1;1;1
birmánia;1;1;1
bisikleta;1;1;1
biskota;2;2;4
bispu;5;2;10
blackstone;12;6;72
blutu;1;1;1
bnctl;7;2;14
bo;1;1;1
bo'ot;2;1;2
boa;5;5;25
boaventura;7;7;49
bobokase;1;1;1
bobolait;2;1;2
bobometo;3;3;9
bobonaro;2;1;2
bobonaru;76;38;2888
boboot;1;1;1
bokon;1;1;1
bola;2;2;4
bolango;2;1;2
boletim;2;2;4
bolsa;1;1;1
bolsu;10;4;40
bolu;28;19;532
bolus;1;1;1
bomba;1;1;1
bombeiru;18;7;126
bona;1;1;1
bone;2;1;2
bonifácio;7;5;35
bonucci;1;1;1
book-an;4;2;8
booster;2;2;4
booster’;3;1;3
boot;114;79;9006
boot-boot;2;1;2
booter’;1;1;1
booy;1;1;1
bop;6;4;24
borges;2;2;4
bosco;2;2;4
bosok;3;3;9
bosu;2;1;2
bot;1;1;1
botswana;1;1;1
bourla;1;1;1
box;1;1;1
boxing;1;1;1
boxista;1;1;1
bragan;1;1;1
branco;3;2;6
branka;3;2;6
brasil;1;1;1
bravo;2;2;4
brazil;2;2;4
brazíl;7;4;28
bridging;2;1;2
brigadeiru;4;4;16
brigadista;2;1;2
brisbane;2;2;4
brito;1;1;1
browne;2;1;2
brunei;1;1;1
bruno;1;1;1
brutalidade;1;1;1
bruxelas;2;1;2
btl;7;2;14
bua-malus;2;2;4
buat;61;50;3050
bubur-laran;2;2;4
buburlau;1;1;1
bucar’;1;1;1
bucens;1;1;1
buibere;4;2;8
buka;60;45;2700
buka-tuir;3;3;9
bukar;2;1;2
bulerek;5;2;10
buletín;1;1;1
bulutu;1;1;1
bunak;2;1;2
buras;7;6;42
burokrasia;1;1;1
burokrásia;1;1;1
bus;1;1;1
business;1;1;1
buska;3;2;6
butaun;2;1;2
butsili;1;1;1
button;1;1;1
butuk;1;1;1
bá;3;2;6
báris;3;1;3
bázika;37;18;666
báziku;12;11;132
béjika;1;1;1
béljika;7;4;28
c;3;3;9
c';2;1;2
cac;27;4;108
caibada;1;1;1
caicoli;1;1;1
caiero;1;1;1
caitlyn';1;1;1
caldas;1;1;1
caldeira;2;1;2
caleb;1;1;1
calisto;2;2;4
calvin;1;1;1
cam;1;1;1
camila;1;1;1
camp;2;1;2
cancelo;5;1;5
canosiana;1;1;1
canossa;1;1;1
caplak;1;1;1
capture;1;1;1
cardoso;2;2;4
care;1;1;1
caritas;1;1;1
carla;1;1;1
carlito;3;1;3
carlitos;1;1;1
carlos;10;5;50
carmo;11;10;110
carmone;1;1;1
carol;1;1;1
caroline';1;1;1
carring;1;1;1
carvalho;13;11;143
casa;11;7;77
catherine';1;1;1
catl;1;1;1
católico;1;1;1
ccd;5;5;25
cci-tl;1;1;1
ccln;1;1;1
cdc;1;1;1
cdm;1;1;1
cefobom;11;5;55
ceftec;3;2;6
celeste;1;1;1
centro;9;8;72
ceo;1;1;1
cesarino;1;1;1
cfp;2;1;2
cg-pntl;1;1;1
champions;1;1;1
chan-o-cha;1;1;1
chandrawati;1;1;1
charging;6;1;6
charles;1;1;1
charlotte;2;1;2
chat;1;1;1
chatolic;1;1;1
check;1;1;1
cheddar;1;1;1
chega;8;5;40
chegue-rau;2;1;2
chelsea;1;1;1
chief;1;1;1
christian;1;1;1
christoper;1;1;1
christopher;1;1;1
cidalia;4;4;16
cidália;4;3;12
cigc;2;1;2
cinzas;2;2;4
cipriano;1;1;1
ciro;1;1;1
city;4;4;16
city-;1;1;1
civil;8;4;32
civíl;2;2;4
ciências;4;2;8
cj;1;1;1
claim;1;1;1
claude;1;1;1
claudio;6;3;18
clayton;3;1;3
cna;3;2;6
cnc;19;5;95
cncs-tl;1;1;1
cne;7;3;21
cnfp;1;1;1
cnn;23;18;414
cnrt;6;2;12
coa;1;1;1
cobra;3;2;6
coe;6;4;24
coffee;1;1;1
coli;3;3;9
coliati;2;2;4
coliati’;1;1;1
colt;1;1;1
com;4;4;16
commission;1;1;1
communication;1;1;1
comoro;1;1;1
comunidade;1;1;1
concei;4;4;16
concern’;1;1;1
concrete;1;1;1
conde;7;1;7
consultante;1;1;1
content;3;2;6
conven;1;1;1
convidado-da-honra;1;1;1
cooker;1;1;1
cooperation;4;3;12
cooperativa;1;1;1
cora;2;2;4
corona;9;8;72
corporation;1;1;1
correia;2;2;4
corte;1;1;1
corte-real;2;2;4
corte-reál;2;2;4
cosme;2;2;4
costa;50;43;2150
coubertain;1;1;1
covax;8;7;56
covaxin;1;1;1
covi-;1;1;1
covid;2;2;4
covid-;429;212;90948
covishield;1;1;1
cpap;2;1;2
cplp;9;3;27
cpv;1;1;1
creator’;2;2;4
cristal;1;1;1
cristiano;4;2;8
cristina;1;1;1
crs;1;1;1
cruz;8;8;64
crystal;1;1;1
culvert;1;1;1
cunha;4;4;16
cycle;1;1;1
cárceres;9;9;81
d;3;2;6
d-sp;2;1;2
da;116;92;10672
da'et;1;1;1
da-;4;2;8
da-viii;1;1;1
dada;26;17;442
dada-iis;1;1;1
dada-lia;1;1;1
dadauk;2;2;4
dadaun;3;3;9
dadeer;22;20;440
dadeer-dadeer;1;1;1
dadeer-saan;11;11;121
dadur;6;1;6
dadus;39;28;1092
dahaat;3;2;6
dahitu;1;1;1
dahituk;1;1;1
dahuluk;98;75;7350
dair;1;1;1
daisua;2;2;4
daitula;1;1;1
dala;29;25;725
dala-;52;27;1404
dala-barak;9;7;63
dala-neen;2;1;2
dala-x;1;1;1
dala-xxiv;4;3;12
dala-xxv;3;2;6
dalan;57;40;2280
dalaruma;25;22;550
daley;5;3;15
dalot;2;1;2
dame;6;4;24
damen;1;1;1
damenia;1;1;1
dame’;1;1;1
daneen;1;1;1
daniel;1;1;1
dansarinu;1;1;1
dapur;7;5;35
daraileman;3;1;3
darasula;1;1;1
dare;1;1;1
darlau;1;1;1
darren;1;1;1
daruak;67;49;3283
darussalam;1;1;1
darwin;4;4;16
das;3;3;9
dasiak;2;1;2
dasin;5;1;5
data;18;11;198
datoluk;12;8;96
daudauk;62;55;3410
daudaun;5;5;25
david;2;1;2
day;1;1;1
da’an;2;1;2
da’et;11;9;99
de;131;94;12314
de'it;10;8;80
death;1;1;1
debate;3;3;9
debe;3;2;6
debu;1;1;1
dedikadu;3;3;9
dedikasaun;3;2;6
def;1;1;1
defende;7;6;42
defensiva;1;1;1
deferensa;1;1;1
defeza;51;32;1632
define;16;11;176
definidu;1;1;1
defisiente;14;6;84
defisiénsia;19;6;114
deha;4;4;16
dehan;397;263;104411
deit;2;2;4
dejeza;1;1;1
deklara;34;26;884
deklarasaun;14;13;182
deklina;1;1;1
dekreta;13;11;143
dekretu;28;12;336
dekretu-lei;13;7;91
delegasaun;2;1;2
delhi;2;1;2
delibera;2;1;2
deliberasaun;1;1;1
dellos;1;1;1
delta;47;24;1128
demais;2;2;4
demetrio;2;1;2
demo;1;1;1
demografia;1;1;1
demokrasia;1;1;1
demokratika;1;1;1
demokrátika;5;5;25
demokrátiku;2;2;4
demolisaun;1;1;1
demostra;1;1;1
dengue;4;1;4
deodet;1;1;1
deonato;3;2;6
departament;1;1;1
departamentu;25;20;500
departementu;1;1;1
department;1;1;1
depedida;1;1;1
depende;10;10;100
depois;30;27;810
depois-de;3;3;9
deporta;2;2;4
deportasaun;1;1;1
deputada;12;4;48
deputadu;13;10;130
depózitu;1;1;1
derepente;9;7;63
derok-reen;1;1;1
derota;1;1;1
descartes;1;1;1
descartes’;1;1;1
deshun;1;1;1
deside;71;55;3905
desidi;1;1;1
design;1;1;1
desizaun;52;40;2080
desizivu;1;1;1
deskansa;4;3;12
deskobre;8;5;40
deskobrimentu;1;1;1
deskolasaun;1;1;1
deskonfia;7;7;49
deskoñesidu;3;2;6
deskreve;5;5;25
deskrisaun;1;1;1
deskulpa;2;1;2
desloka;3;3;9
deslokasaun;1;1;1
despaixa;1;1;1
despaixu;3;3;9
despaxu;4;3;12
despedida;4;4;16
despeju;3;1;3
despeza;6;3;18
desportiva;1;1;1
desportu;30;20;600
destaka;4;4;16
destakadu;1;1;1
destakamentu;1;1;1
destina;1;1;1
destinadu;2;1;2
destinasaun;3;3;9
destinu;3;3;9
detallu;3;3;9
detata;1;1;1
detatadu;1;1;1
detein;5;3;15
detensaun;2;2;4
determina;11;5;55
determinada;1;1;1
determinadu;4;4;16
determinante;3;3;9
determinasaun;3;3;9
detesaun;2;1;2
deteta;52;30;1560
detetadu;12;11;132
detéin;2;2;4
deus;8;5;40
devaux;1;1;1
deve;4;1;4
development;3;3;9
devida;1;1;1
devolve;3;2;6
devosaun;1;1;1
devér;9;8;72
dezafia;1;1;1
dezafiu;16;12;192
dezafius;1;1;1
dezafoin;1;1;1
dezaste;1;1;1
dezastre;25;17;425
dezde;34;32;1088
dezeja;5;5;25
dezeju;1;1;1
dezembru;66;53;3498
dezempeñu;2;2;4
dezempregu;3;3;9
dezentendimentu;2;2;4
dezenvolve;24;21;504
dezenvolve-an;3;2;6
dezenvolvementu;1;1;1
dezenvolvimentu;81;56;4536
dezestabiliza;1;1;1
dezeña;1;1;1
dezeñu;15;12;180
dezigualidade;1;1;1
dezinfekta;2;1;2
dezinfetante;1;1;1
dezisaun;1;1;1
dezloka;1;1;1
dezvia;3;1;3
de’it;216;144;31104
dfat;2;2;4
dghu;2;1;2
di;1;1;1
di'ak;13;12;156
dia;3;3;9
diagnostikada;1;1;1
diagnostikadu;1;1;1
diagnóstiku;4;2;8
diak;1;1;1
diareia;1;1;1
dias;1;1;1
didi'ak;3;3;9
didier;1;1;1
didin;2;2;4
didin-lolon;1;1;1
didi’ak;17;15;255
diesel;1;1;1
diferensa;1;1;1
diferente;6;4;24
difikuldade;13;12;156
difikuldades;1;1;1
difikulta;19;18;342
difine;1;1;1
difisil;5;4;20
difísil;11;7;77
digital;1;1;1
dignidade;4;4;16
dignidade’;1;1;1
dignifika;5;5;25
dignu;9;9;81
dii;2;2;4
dijitalizasaun;1;1;1
dijitál;3;2;6
dili;1010;501;506010
dimensaun;2;2;4
diminui;1;1;1
dinamarka;4;2;8
dinamizadór;1;1;1
diogo;2;1;2
dioseze;3;2;6
diploma;13;8;104
diplomasia;2;2;4
diplomata;2;2;4
diplomátika;5;4;20
direita;39;35;1365
direitamente;6;5;30
direitu;50;32;1600
diresaun;60;46;2760
direta;4;3;12
diretamente;3;3;9
diretiva;3;3;9
diretor;3;3;9
diretora;11;7;77
diretór;131;76;9956
dirije;3;3;9
dirijente;5;5;25
diseminasaun;2;2;4
disiplina;7;6;42
disiplinár;1;1;1
diskriminasaun;1;1;1
diskriminisaun;1;1;1
diskursu;27;26;702
diskusaun;15;11;165
diskute;13;11;143
diskuti;1;1;1
disolve;1;1;1
dispensadu;1;1;1
disponibiliza;4;4;16
disponivel;1;1;1
disponível;1;1;1
dispozitivu;4;1;4
distance;1;1;1
distansiamentu;4;4;16
distribui;9;8;72
distribuidór;4;4;16
distribuisaun;18;11;198
distritu;2;2;4
distritál;1;1;1
distrubuisaun;1;1;1
distánsia;16;11;176
dit;2;2;4
diverjénsia;1;1;1
diversidade;1;1;1
diversifika;2;1;2
divinu;1;1;1
diviza;1;1;1
divizaun;5;3;15
divulga;44;42;1848
divulgadu;8;8;64
divulgasaun;56;50;2800
divulgasuan;1;1;1
diálogu;6;6;36
diária;2;2;4
di’ak;199;132;26268
djhu;3;1;3
dm;1;1;1
dmng;1;1;1
dn;2;1;2
dnae;4;3;12
dnci;1;1;1
dne;1;1;1
dnea;3;3;9
dnee;9;4;36
dnfp;1;1;1
dni;1;1;1
dnit-untl;3;1;3
dnmg;33;8;264
dnpdml;1;1;1
dntt;18;4;72
dnu;5;2;10
do;26;20;520
doadór;3;2;6
doasaun;12;6;72
doben;6;6;36
document;1;1;1
dodok;3;3;9
dodook;1;1;1
dois;1;1;1
dois’;1;1;1
dokumentu;19;13;247
dolar;2;2;4
dollar;5;1;5
dom;27;16;432
domin;7;5;35
domina;6;5;30
domingas;4;2;8
domingo;2;1;2
domingos;14;9;126
domingu;24;19;456
domisiliár;2;2;4
domisiliáriu;18;12;216
doméstika;2;2;4
doméstiku;1;1;1
domíniu;1;1;1
dongbao;1;1;1
donor;1;1;1
dook;9;8;72
dorinus;2;1;2
dormitóriu;1;1;1
dos;71;65;4615
dose;1;1;1
dosente;21;7;147
dotasaun;2;1;2
doumbouya;2;1;2
doutel;2;2;4
doutora;1;1;1
doutór;19;10;190
down;1;1;1
doze;92;46;4232
dozu;1;1;1
dpkn;5;1;5
dr;3;3;9
drama;3;2;6
droga;2;2;4
drone;2;1;2
drop;2;1;2
drug;1;1;1
dsb;1;1;1
dubai;11;3;33
dudu;2;2;4
duke;4;3;12
dukurai;1;1;1
dukur’;1;1;1
duké;8;8;64
dulas;2;1;2
duni;54;47;2538
dupla;2;1;2
duplikat;1;1;1
duradoura;1;1;1
durante;148;112;16576
durasaun;8;8;64
durrani;1;1;1
duterte;5;2;10
du’ut;2;2;4
díli;32;27;864
dólar;25;16;400
dúun;1;1;1
dúvida;8;5;40
e;31;17;527
e-mail;1;1;1
eamo;5;1;5
east;1;1;1
ebc;4;2;8
ebf;5;2;10
ebola;4;1;4
ebé;3;3;9
ecdc;3;1;3
edifikasaun;1;1;1
edifisiu;1;1;1
edifísiu;48;38;1824
edimburgu;2;1;2
edr;1;1;1
edtl;11;8;88
eduka;2;2;4
edukasaun;40;29;1160
edukasionál;1;1;1
edukativa;2;2;4
edukativu;1;1;1
ee;72;25;1800
efeita;1;1;1
efeitu;17;10;170
efetivamente;1;1;1
efetividade;1;1;1
efetivu;9;8;72
efetua;1;1;1
efikasia;1;1;1
efikáz;1;1;1
efisiente;3;2;6
efisiénsia;4;3;12
efk;7;1;7
egeu;1;1;1
egildio;3;1;3
eis;4;2;8
eiz;38;25;950
eiz-prezidente;2;1;2
ejeñaria;1;1;1
ekipa;126;77;9702
ekipamentu;22;14;308
eklipse;4;1;4
ekonomia;9;8;72
ekonomiku;2;1;2
ekonómika;16;11;176
ekonómiku;17;11;187
eksedentáriu;1;1;1
electric;1;1;1
eleisaun;25;9;225
eleitoral;2;1;2
eleitores;1;1;1
eleitorál;12;7;84
eleitu;7;6;42
eleitór;6;2;12
eleitórál;1;1;1
elejível;3;1;3
elementu;3;2;6
elestrisidade;1;1;1
eletrifikasaun;7;5;35
eletrisidade;64;27;1728
eletrónika;2;2;4
eletróniku;1;1;1
eletór;1;1;1
eleva;1;1;1
elevasaun;1;1;1
elezito;1;1;1
elezível;1;1;1
elikópteru;6;4;24
elimina;3;2;6
eliminasaun;1;1;1
elizabeth;1;1;1
elizária;1;1;1
elizário;2;2;4
elsa;5;1;5
elu;2;1;2
elvina;1;1;1
elvis;2;1;2
elétrika;2;1;2
ema;378;213;80514
ema-nia;6;6;36
embaixada;22;13;286
embaixador;2;2;4
embaixadora;2;1;2
embaixadór;49;26;1274
emediata;1;1;1
emergency;1;1;1
emerjensiál;1;1;1
emerjente;1;1;1
emerjénsia;66;46;3036
emilia;1;1;1
emilio;1;1;1
emite;2;2;4
emoji;6;1;6
emonc;1;1;1
emosaun;4;1;4
empede;1;1;1
empeñu;1;1;1
empoderamentu;1;1;1
empreendedorizmu;3;2;6
empregadór;1;1;1
empregu;28;17;476
emprendedorizmu;1;1;1
empresta;1;1;1
empreza;17;11;187
emprezariál;3;3;9
emprezáriu;1;1;1
empréstimu;8;4;32
en;3;3;9
enerjia;9;7;63
enfatiza;1;1;1
enfermeiru;3;3;9
enfermájen;2;1;2
enfrakese;1;1;1
enfrenta;18;16;288
engarafamentu;2;1;2
enjeñaria;11;8;88
enjeñeiru;4;2;8
enkaixa;1;1;1
enkaregadu;4;4;16
enkarserasaun;1;1;1
enkomenda;1;1;1
enkontru;48;37;1776
enkoraja;19;14;266
enkoraje;1;1;1
enkoraza;1;1;1
enkuantu;156;149;23244
enkuantuu;1;1;1
enquantu;1;1;1
ensaiu;1;1;1
ense;2;2;4
ensera;2;2;4
enseramentu;4;3;12
ensinu;69;36;2484
ensínu;2;1;2
entaun;72;55;3960
entende;1;1;1
entendimentu;4;2;8
entervista;1;1;1
entidade;10;8;80
entrada;6;5;30
entraga;1;1;1
entre;72;60;4320
entrega;69;44;3036
entrevista;9;8;72
entuziasmu;1;1;1
envelope;1;1;1
envez;2;2;4
envolve;10;10;100
envolve-an;2;2;4
envolvimentu;1;1;1
enxe;1;1;1
enérjia;1;1;1
epidemia;1;1;1
epidemiolójika;11;11;121
epidemiolójiká;1;1;1
episentru;1;1;1
era;1;1;1
erbízida;1;1;1
erd;1;1;1
erdogan;1;1;1
eric;2;1;2
ermera;67;33;2211
ermete;2;1;2
ernesto;12;5;60
eroi;4;2;8
erói;1;1;1
es;11;10;110
esa;1;1;1
esbosu;1;1;1
eselénsia;3;3;9
esensiál;5;5;25
esepsionál;5;2;10
esforsa;13;12;156
esforsa-an;4;1;4
esforsu;22;20;440
esforsu-an;1;1;1
esj;3;1;3
eskala;1;1;1
eskalaun;1;1;1
eskavatór;1;1;1
esklarese;5;5;25
eskola;107;40;4280
eskolár;2;2;4
eskravidaun;1;1;1
eskrita;2;2;4
eskritór;1;1;1
eskritóriu;3;1;3
eskuadra;12;6;72
esmelia;1;1;1
espalla;8;7;56
espansaun;4;2;8
espasiál;1;1;1
espasu;7;5;35
españa;2;2;4
español;1;1;1
española;2;2;4
especial;1;1;1
espekulasaun;1;1;1
espera;15;13;195
esperadu;1;1;1
esperansa;9;8;72
esperensia;1;1;1
esperimenta;1;1;1
esperiénsia;6;5;30
espesialidade;3;3;9
espesialista;8;6;48
espesialmente;4;4;16
espesialísta;1;1;1
espesifikasaun;2;2;4
espesiál;31;22;682
espesiénsia;1;1;1
espesífikamente;1;1;1
espesífiku;5;3;15
espetativa;1;1;1
esplika;143;122;17446
esplikasaun;2;2;4
esplora;3;3;9
esponja;1;1;1
esportasaun;1;1;1
espoza;19;14;266
espozisaun;1;1;1
espresa;2;2;4
espresaun;1;1;1
espésime;1;1;1
espírito;1;1;1
espíritu;5;4;20
estabele;3;3;9
estabelese;20;18;360
estabelesimentu;12;8;96
estabilidade;6;3;18
estadu;245;160;39200
estadus;26;18;468
estandariza;1;1;1
estanislau;1;1;1
estasaun;16;8;128
estatal;2;2;4
estatál;17;13;221
estatístika;2;2;4
estende;11;8;88
estensaun;30;18;540
estensionista;3;3;9
esteriór;3;2;6
esternu;1;1;1
estima;4;3;12
estimadamente;1;1;1
estimasaun;2;2;4
estimativa;2;2;4
estimativu;2;2;4
estimula;2;2;4
estoke;3;3;9
estomagu;1;1;1
estrada;61;27;1647
estraga;18;11;198
estragu;2;1;2
estragus;19;16;304
estrajeiru;1;1;1
estranjeira;1;1;1
estranjeiru;8;8;64
estraordinária;1;1;1
estratejia;2;2;4
estratéjia;2;2;4
estratéjika;1;1;1
estratéjiku;3;3;9
estreitamente;1;1;1
estrela;1;1;1
estrutura;9;8;72
estruturada;2;1;2
estruturadu;1;1;1
estruturál;1;1;1
estuda;15;10;150
estudante;180;55;9900
estudu;43;25;1075
estv;5;2;10
estv-sjmv;2;1;2
estádiu;3;3;9
estájiu;2;1;2
estátua;1;1;1
estável;5;4;20
estígma;1;1;1
estónia;1;1;1
eta;1;1;1
etapa;4;3;12
etc;3;3;9
etci;1;1;1
etelvina;1;1;1
etienne;1;1;1
etiketa;1;1;1
eua;35;15;525
euclides;24;10;240
eugénio;2;2;4
eupora;1;1;1
euro;10;5;50
europa;12;9;108
europeia;7;4;28
europeu;1;1;1
evakua;4;3;12
evakuasaun;1;1;1
eventu;6;6;36
eventual;1;1;1
eventualidade;3;2;6
eventuál;6;5;30
evidénsia;10;9;90
evita;34;29;986
evita-an;6;6;36
evolusaun;5;5;25
exatidaun;1;1;1
excellence;2;2;4
executive;1;1;1
exelénsia;10;8;80
exemplár;1;1;1
exepsaun;1;1;1
exesaun;1;1;1
exetu;12;12;144
expansaun;1;1;1
experimenta;1;1;1
explika;1;1;1
explozaun;1;1;1
expo;7;3;21
exposto;3;2;6
expozisaun;2;1;2
expresa;1;1;1
expóz;1;1;1
exteriór;5;4;20
externa;2;1;2
extraordinária;1;1;1
ezame;30;10;300
ezaminasaun;2;2;4
ezekusaun;23;7;161
ezekuta;22;7;154
ezekutiva;4;2;8
ezekutivu;15;8;120
ezemplu;8;7;56
ezemplár;2;2;4
ezerse;1;1;1
ezersísiu;12;4;48
ezibisaun;1;1;1
ezije;9;8;72
ezijénsia;3;3;9
eziste;11;10;110
ezisténsia;7;6;42
ezonerasaun;2;2;4
f-fdtl;68;26;1768
f-lbf;1;1;1
fa;2;2;4
fa'an;4;2;8
face;3;1;3
facebook;12;5;60
facility;1;1;1
fahe;44;37;1628
fahiluha;1;1;1
failure;3;2;6
fain;1;1;1
fakar;6;1;6
faksaun;1;1;1
faktu;4;3;12
fakuldade;15;7;105
fali;118;88;10384
falintil;22;16;352
falintil-forsa;10;10;100
falla;2;2;4
falsa;2;2;4
falsifika;1;1;1
falsifikasaun;2;2;4
falsu;23;7;161
falta;5;5;25
faluk;3;2;6
falur;2;1;2
familia;4;3;12
familiariza;1;1;1
family;1;1;1
família;120;69;8280
fans;1;1;1
fanun;2;1;2
fanátiku;1;1;1
fao;1;1;1
farda;4;4;16
fardamentu;2;2;4
farmaséutika;2;2;4
farmásia;5;4;20
faru;2;2;4
faról;12;12;144
fase;8;8;64
fase-liman;4;3;12
fasil;3;3;9
fasilidade;26;14;364
fasilita;39;31;1209
fasilitadór;2;2;4
fasility;1;1;1
fasíl;1;1;1
fatal;1;1;1
fatia;1;1;1
fatin;240;149;35760
fatin-fatin;1;1;1
fatuberlihu;3;2;6
fatuberliu;7;7;49
fatubesi;1;1;1
fatubijae;2;1;2
fatuhada;16;13;208
fatuk;10;10;100
fatuk-laran;1;1;1
fatukeru;1;1;1
fatumeta;1;1;1
fatu’u;1;1;1
fatór;5;5;25
fauna;1;1;1
faustino;20;11;220
favor;1;1;1
favoresidu;1;1;1
favorável;3;3;9
favól;1;1;1
favór;6;5;30
favóritu;2;1;2
faze;36;30;1080
faíska;1;1;1
fa’an;60;28;1680
fda;1;1;1
fdch;14;4;56
feau;1;1;1
fect;1;1;1
federasaun;1;1;1
federál;3;3;9
feen;3;3;9
fehuk;1;1;1
feira;4;2;8
fej;1;1;1
feliciana;1;1;1
felisberto;1;1;1
felisita;2;2;4
felisitasaun;3;3;9
feliz;2;1;2
felizberto;1;1;1
fenómenu;5;1;5
feriadu;6;4;24
ferik;2;2;4
ferik-katuas;2;1;2
fermino;1;1;1
fernanda;1;1;1
fernandes;6;6;36
fernandez;1;1;1
fernando;2;1;2
ferreira;3;3;9
fest;2;2;4
festa;4;3;12
feto;127;57;7239
feto-faluk;2;1;2
fetok;1;1;1
feton;4;3;12
fevereiru;7;7;49
fftl;5;1;5
fiar;16;11;176
fiber;1;1;1
fibra;2;1;2
fidelidade;2;1;2
fidelis;12;5;60
figura;2;2;4
fila;56;34;1904
fila-fali;9;9;81
fila-fila;1;1;1
fila-liman;3;3;9
filafali;1;1;1
filipina;12;4;48
filipinu;1;1;1
filiál;2;2;4
filmajen;2;1;2
filomena;4;3;12
filomeno;24;15;360
filomenu;1;1;1
filosofia;1;1;1
filosófico;1;1;1
filozofia;1;1;1
fim;1;1;1
fimela;1;1;1
fin;2;1;2
finadu;7;4;28
finais;1;1;1
final;2;1;2
finalidade;3;2;6
finalista;14;6;84
finaliza;17;16;272
finansa;42;35;1470
finansas;2;2;4
finanseira;8;5;40
finanseiru;4;4;16
finansia;10;9;90
finansiamentu;4;4;16
finansiametu;1;1;1
fini;4;2;8
finje;1;1;1
finál;9;8;72
firme;1;1;1
fiskalizadór;1;1;1
fiskalizasaun;15;10;150
fiskál;3;2;6
fiu;4;3;12
fixasaun;2;2;4
fixu;2;2;4
fiziku;1;1;1
fkhtl;10;1;10
fleksibiliza;2;1;2
flexibilidade;1;1;1
flora;1;1;1
florencia;1;1;1
florentina;2;1;2
floresta;1;1;1
florestál;2;1;2
florindo;1;1;1
fma;1;1;1
fmss;1;1;1
fo;3;3;9
foho;11;7;77
foho-ailiku;4;2;8
foho-leten;1;1;1
foholulik;2;1;2
foin;49;44;2156
foin-sa'e;1;1;1
foinsa'e;13;4;52
foinsa’e;29;21;609
foka;3;3;9
fokus;1;1;1
fokál;3;3;9
folga;1;1;1
folin;34;17;578
fomento;1;1;1
fomentu;3;2;6
fonesedór;1;1;1
fonte;2;2;4
food;6;4;24
foos;20;13;260
for;8;6;48
fora;1;1;1
force;1;1;1
fore-keli;1;1;1
fore-mungu;6;2;12
fore-rai;3;1;3
foreign;2;2;4
forma;18;12;216
formandu;7;2;14
formas;1;1;1
formasaun;87;30;2610
formatura;2;2;4
formosa;7;1;7
formoza;1;1;1
formuláriu;3;3;9
formál;4;4;16
fornese;9;8;72
fornesedór;3;3;9
fornesidu;1;1;1
fornesimentu;5;5;25
forsa;40;29;1160
forsa-tarefa;4;4;16
fortalesimentu;1;1;1
forte;27;21;567
forum;1;1;1
foti;49;42;2058
foto;2;2;4
fotografia;2;2;4
foun;176;93;16368
fo’er;25;8;200
fraga;2;1;2
fraku;2;1;2
fraku-moderadu;1;1;1
fran;1;1;1
france;2;1;2
france-press;1;1;1
francisco;117;94;10998
fransa;4;4;16
franscisco;1;1;1
franseza;4;1;4
fransisco;1;1;1
fraternidade;2;2;4
fraude;2;1;2
freddie;1;1;1
frederito;2;1;2
freias;1;1;1
freita;1;1;1
freitas;36;33;1188
frekat;1;1;1
frekuenta;1;1;1
frente;7;7;49
fresku;3;1;3
fretilin;7;5;35
fronese;1;1;1
fronteira;95;39;3705
fronteiriza;1;1;1
fronteriza;1;1;1
frontline;3;2;6
fss;1;1;1
fsu;1;1;1
fuan;8;6;48
fuel;2;1;2
fugetes;7;2;14
fugetis;1;1;1
fuhuk;2;2;4
fuik;1;1;1
fulan;132;92;12144
fulan-abril;1;1;1
fulan-agostu;1;1;1
fulan-fulan;3;3;9
fulan-maiu;1;1;1
fulan-setembru;2;2;4
fuma;2;2;4
fumadór;1;1;1
fund;1;1;1
fundadór;2;2;4
fundamentu;9;9;81
fundamentál;8;7;56
fundasaun;16;8;128
fundu;47;30;1410
fundus;1;1;1
funerál;5;4;20
funsaun;12;11;132
funsiona;4;4;16
funsionamentu;4;4;16
funsionáriu;42;18;756
funu;9;7;63
funu-na’in;1;1;1
fura;4;4;16
furak;7;6;42
futeból;15;7;105
futu;1;1;1
future;2;2;4
futuru;31;25;775
fábrika;10;5;50
fásil;3;3;9
fátal;1;1;1
fátima;3;3;9
fé;1;1;1
fín;2;2;4
fízika;1;1;1
fíziku;14;10;140
fó;285;186;53010
fó-an;1;1;1
fó-hatene;1;1;1
fó-moris;1;1;1
fó-sai;7;7;49
fúnebre;4;2;8
g-mejd;1;1;1
gaak-pr;1;1;1
gabinete;30;25;750
gabriela;4;1;4
gadk;2;1;2
galon;1;1;1
gama;7;4;28
game;2;1;2
games;6;3;18
gamma;1;1;1
ganti;2;1;2
gap-ep;1;1;1
gara-ulu;2;1;2
garante;22;20;440
garantia;15;14;210
gari;2;1;2
gariuai;2;1;2
gaspar;2;2;4
gasta;13;13;169
gazoel;1;1;1
gazolina;1;1;1
gembel;1;1;1
gene;1;1;1
genome;1;1;1
geordie;1;1;1
germenino;3;1;3
gil;1;1;1
gildapil;1;1;1
gisu;1;1;1
gleno;2;2;4
glenu;2;1;2
global;1;1;1
globalmente;1;1;1
globál;7;7;49
gmptl;6;1;6
goal;1;1;1
gole;1;1;1
golpe;6;3;18
golu;11;6;66
gomes;23;19;437
gon;2;2;4
google;1;1;1
gorete;1;1;1
gorontalo;2;1;2
gorotu;1;1;1
gorotu-same;1;1;1
gosta;5;3;15
goulau;1;1;1
govern;1;1;1
governa;1;1;1
governadora;1;1;1
governadór;1;1;1
governamentál;1;1;1
governante;12;12;144
governasaun;5;5;25
government;1;1;1
government’;1;1;1
governo;1;1;1
governu;681;306;208386
graciano;1;1;1
gradua;3;3;9
graduadu;19;7;133
graduandu;8;2;16
graduasaun;42;13;546
gradusaun;1;1;1
grande;1;1;1
grant;1;1;1
grasa;4;4;16
gratidaun;1;1;1
gratuita;6;4;24
gratuitamente;1;1;1
grau;2;2;4
grava;1;1;1
gravasaun;1;1;1
grave;12;9;108
gregorio;1;1;1
gregório;1;1;1
gresik;3;2;6
grobak;1;1;1
grogi;1;1;1
group;1;1;1
grupu;84;36;3024
grátuita;1;1;1
guarda;15;4;60
guardian;6;4;24
guardian-class;2;1;2
guerilleira;1;1;1
guerra;1;1;1
guido;7;6;42
guilhermina;5;2;10
guimaraes;1;1;1
guinea;8;1;8
guiné;2;1;2
gusm;20;14;280
gusmao;2;2;4
guterres;95;87;8265
gás;1;1;1
h;2;1;2
ha'u;10;6;60
ha'u-nia;2;1;2
haas;4;1;4
haas-laran;2;2;4
haat;29;23;667
habai;3;2;6
habai-an;2;2;4
habali;1;1;1
habelar;1;1;1
habosok;1;1;1
haburas;6;5;30
hada;1;1;1
hadak;1;1;1
hadau;5;1;5
hada’e;1;1;1
hada’et;6;4;24
hadeer;3;2;6
hadi;3;1;3
hadi'a;5;4;20
hadi'ak;1;1;1
hadia;1;1;1
hadi’a;36;30;1080
hadi’a-an;1;1;1
hadi’ak;5;5;25
hadomi;8;7;56
hadook;1;1;1
hadook-an;6;6;36
haelesu;3;1;3
haemnanu;2;1;2
hafanu;1;1;1
hafanun;1;1;1
hafasil;1;1;1
hafoin;213;183;38979
haforsa;7;7;49
hahalok;7;6;42
hahán;9;7;63
hahú;129;107;13803
haiti;4;1;4
hakanek;3;3;9
hakarak;88;64;5632
hakat;32;26;832
hakbesik;1;1;1
hakbesik-an;11;9;99
hakbiit;6;4;24
hakdasak;1;1;1
hakerek;6;5;30
haketak;2;1;2
haketan;1;1;1
hakfodak;2;2;4
hakiak;7;5;35
hakilar;3;2;6
hakle’an;1;1;1
hakmaan;3;3;9
hakmatek;7;6;42
hakoi;6;5;30
hakotu;18;16;288
hakotu-iis;5;5;25
hakraik-an;1;1;1
hakribi;2;2;4
haksolok;5;5;25
haksumik-an;1;1;1
haktanek;1;1;1
haktuir;149;120;17880
haktur;1;1;1
hakuak;1;1;1
haku’ak;2;2;4
hala'o;17;15;255
halai;5;5;25
halakon;8;8;64
halao;2;2;4
hala’o;209;161;33649
halerik;9;4;36
hale’u;4;3;12
hali;1;1;1
halibur;16;13;208
halibur-malu;1;1;1
halimar;8;6;48
halo;676;343;231868
haloot;1;1;1
haluan;1;1;1
haluha;4;3;12
hamahan-an;3;3;9
hamanasa;2;1;2
hamaran;1;1;1
hamate;14;13;182
hamenus;7;5;35
hametin;7;6;42
hamiik;1;1;1
haming;1;1;1
hamlaha;1;1;1
hamnasa;1;1;1
hamonu;1;1;1
hamoos;5;4;20
hamosu;27;23;621
hampar;1;1;1
hamriik;13;11;143
hamrook;2;1;2
hamutuk;425;255;108375
hanaran;7;7;49
hand;3;2;6
handrianus;1;1;1
hanehan;2;2;4
hanesan;359;249;89391
hanesn;1;1;1
hanoin;51;45;2295
hanorin;10;7;70
hapara;17;11;187
happy;2;2;4
haqqani;2;1;2
harahun;1;1;1
haraik;2;2;4
harame;3;1;3
hare;13;7;91
haree;118;92;10856
harii;49;36;1764
hariis;4;4;16
hariis-fatin;10;3;30
hariku;1;1;1
harií;2;1;2
harmonis;1;1;1
haroman;1;1;1
haruka;37;28;1036
hasa'e;3;3;9
hasai;30;21;630
hasain;1;1;1
hasa’e;29;20;580
hasees-an;2;2;4
hasoru;115;93;10695
haste;2;2;4
hat;1;1;1
hatais;3;3;9
hatama;26;16;416
hatan;1;1;1
hatene;59;52;3068
hatete;17;13;221
hateten;256;210;53760
hateten-sai;2;2;4
hati;3;3;9
hato'o;8;8;64
hato’o;169;137;23153
hato’ot;1;1;1
hatu-ralan;1;1;1
hatu-udu;5;5;25
hatubuiliku;2;1;2
hatudu;54;41;2214
hatulia;2;1;2
haturae;1;1;1
hatutan;17;16;272
hatuu;1;1;1
hatuur;3;3;9
hatán;22;19;418
hatún;5;5;25
hatúr;2;1;2
hau;5;2;10
haupu;2;1;2
ha’u;183;99;18117
ha’u-nia;25;21;525
hcm;1;1;1
hdr;1;1;1
hds;2;1;2
hedi;1;1;1
hein;39;33;1287
hela;267;168;44856
hela-fatin;7;6;42
hemorájiku;1;1;1
hemu;15;7;105
hena;2;2;4
henrique;4;2;8
hera;15;10;150
hermenegilda;1;1;1
hermi;2;1;2
herminia;5;2;10
hernandes;1;1;1
herois;5;2;10
hetan;295;184;54280
heunicke;1;1;1
hewitt;1;1;1
hfb;2;1;2
hidráulika;1;1;1
high;1;1;1
higino;1;1;1
hikas;79;65;5135
hili;14;12;168
hira;5;5;25
hirak;116;97;11252
hirus;5;3;15
hirus’;1;1;1
história;1;1;1
hitu;7;7;49
hitu-nulu-resin;1;1;1
hitunulu-resin-tolu;1;1;1
hiv-sida;11;1;11
hi’it;1;1;1
hngv;34;14;476
ho;1491;552;823032
hoax;5;4;20
hodi;926;465;430590
hogapa;1;1;1
hola;16;13;208
holaru;1;1;1
holarua;12;8;96
holgapa;1;1;1
holo;1;1;1
honda;1;1;1
hong;1;1;1
hori;1;1;1
hori-kalan;4;3;12
hori-sehik;7;5;35
horikalan;1;1;1
horisehik;3;3;9
horiseik;1;1;1
hornai;1;1;1
horon;1;1;1
horta;12;5;60
horácio;1;1;1
hosi;1154;491;566614
hosoru;1;1;1
hotu;188;134;25192
hotu-hoti;1;1;1
hotu-hotu;112;87;9744
hour;1;1;1
houssin;1;1;1
hrd;1;1;1
hudi;4;2;8
hudi-laran;2;2;4
hugo;3;2;6
huluati;1;1;1
humana;1;1;1
humanitária;1;1;1
husi;25;15;375
husik;14;11;154
husu;291;193;56163
huu;3;2;6
hán;14;12;168
hán-hemu;3;3;9
hó;1;1;1
hún;2;2;4
i;11;11;121
iah;1;1;1
ibtl;1;1;1
ibun;5;5;25
icfp;1;1;1
icr;1;1;1
ics;4;3;12
ict;2;1;2
id;4;2;8
ida;917;421;386057
ida';1;1;1
ida-hitunulu-resin;1;1;1
ida-ida;1;1;1
ida-idak;37;29;1073
ida-ne'e;1;1;1
ida-ne'eb;1;1;1
ida-ne’e;6;4;24
ida-rua;2;1;2
ida-tan;1;1;1
idade;87;51;4437
ida’;1;1;1
idea;1;1;1
ideia;2;2;4
identidade;7;5;35
identifika;39;32;1248
identifikadu;2;2;4
identifikasaun;16;14;224
ideál;1;1;1
idozu;8;5;40
ierárkiku;2;2;4
ies;3;1;3
iffs;1;1;1
igreja;31;12;372
igualdade;5;4;20
igualdade’;1;1;1
igualidade;1;1;1
iha;4104;640;2626560
ihma;2;1;2
ii;12;8;96
iii;12;7;84
iis;10;7;70
iis-boot;1;1;1
iis-kotu;4;3;12
ije;5;2;10
ijiene;3;3;9
ijiéniku;3;3;9
ikan;8;3;24
ikan-maran;1;1;1
ikatan;1;1;1
iks;7;1;7
iks-ptl;2;1;2
iku-ikus;1;1;1
ikus;36;29;1044
ikus-ikus;1;1;1
ilatlaun;1;1;1
ilegalmente;6;5;30
ilegál;65;30;1950
ilidio;1;1;1
ilimitadu;1;1;1
iliomar;3;1;3
illa;2;1;2
imaculada;3;2;6
imajen;7;6;42
imediata;2;2;4
imediatu;1;1;1
imelda;8;3;24
imi;25;16;400
imi-nia;10;7;70
imigrasaun;2;2;4
immediata;1;1;1
immobile;1;1;1
immunization;1;1;1
impaktu;22;22;484
impaktui;1;1;1
impede;17;16;272
impedimentu;3;2;6
implementa;48;43;2064
implementadór;6;6;36
implementasaun;50;43;2150
implika;5;3;15
impoen;1;1;1
impoin;20;16;320
importa;6;1;6
importante;51;43;2193
importasaun;6;4;24
importánsia;6;5;30
imposibilidade;1;1;1
imposivel;2;1;2
impostu;2;1;2
imposível;2;1;2
impozisaun;25;16;400
imprensa;118;91;10738
imprensan;1;1;1
impresaun;4;2;8
impresiona;2;2;4
imprime;2;1;2
imunidade;5;5;25
imunizasaun;4;4;16
in;20;9;180
inagura;2;2;4
inagurasaun;3;3;9
inan;40;21;840
inan-aman;35;25;875
inan-faluk;1;1;1
inan-feton;3;3;9
inan-isin;1;1;1
inap;1;1;1
inaugura;11;11;121
inaugurasaun;16;11;176
indemnizasaun;2;1;2
independente;9;9;81
independénsia;20;14;280
india;4;1;4
indianu;1;1;1
indiferensa;1;1;1
indika;1;1;1
indikadór;1;1;1
indikasaun;1;1;1
indireita;1;1;1
indita;1;1;1
individu;1;1;1
individualmente;1;1;1
individuo;1;1;1
indivíduo;4;3;12
indonesia;4;4;16
indonezia;2;2;4
indonézia;109;52;5668
indultu;4;1;4
industrial;1;1;1
industriál;2;2;4
indústria;18;14;252
inewssumtu;1;1;1
infeksaun;1;1;1
infektadu;3;2;6
inferinu;1;1;1
inferiór;2;2;4
infesaun;7;4;28
infeta;3;3;9
infetadu;31;21;651
infiltra;1;1;1
infiltrasaun;1;1;1
inflasaun;1;1;1
influensia;6;3;18
influénsia;4;2;8
info;2;1;2
infografia;9;5;45
infográfiku;2;2;4
infordepe;2;2;4
inforgrafia;1;1;1
informa;254;200;50800
informasaun;92;72;6624
information;1;1;1
informativu;2;2;4
informátika;4;3;12
infraestrutura;17;15;255
infraestutura;2;1;2
infrasaun;4;2;8
infrenta;1;1;1
infromasaun;1;1;1
inglatera;6;3;18
ingles;1;1;1
inglés;24;23;552
ingrid;1;1;1
ingés;1;1;1
inisativa;1;1;1
inisia;7;7;49
inisiativa;21;18;378
inisitiva;1;1;1
inisiu;1;1;1
inisiál;18;11;198
inisíal;1;1;1
injustifikadu;1;1;1
injustisa;1;1;1
inkapasidade;4;1;4
inklinadu;1;1;1
inklui;109;95;10355
inkluioekusi;1;1;1
inkluzaun;15;13;195
inkluzividade;1;1;1
inkluzivu;2;2;4
inkluzivu’;1;1;1
inkonstitusionalidade;2;2;4
inkonstitusionál;3;2;6
inkorpora;3;3;9
inkorporasaun;1;1;1
inkéritu;2;2;4
inokulasaun;2;1;2
inovasaun;2;2;4
inovativu;4;1;4
inseguransa;1;1;1
insentiva;2;2;4
insentivu;1;1;1
insidente;5;4;20
insidénsia;2;2;4
insigne;1;1;1
inskrisaun;1;1;1
inspesaun;20;12;240
inspesionadu;1;1;1
inspetur;1;1;1
inspetór;15;9;135
inspira;5;4;20
inspirasaun;3;2;6
inspsaun;1;1;1
instabilidade;2;2;4
instala;2;2;4
instalasan;1;1;1
instalasaun;9;8;72
instituisaun;43;26;1118
instituisoens;1;1;1
institusional;1;1;1
institusionál;2;2;4
institute;4;2;8
instituto;12;2;24
institutu;7;6;42
instrumentu;2;1;2
insufisiénsia;1;1;1
insurjénsia;1;1;1
inséndiu;19;10;190
integradu;47;47;2209
integridade;2;2;4
intelektuál;1;1;1
intelijente;4;1;4
intelijénsia;1;1;1
intelligence;1;1;1
intensaun;12;10;120
intensidade;1;1;1
intensivu;2;2;4
inter-ministeriál;3;2;6
inter-parliamentary;1;1;1
interasaun;1;1;1
interdependénsia;1;1;1
interesadu;1;1;1
interesante;2;2;4
interese;15;13;195
interina;2;2;4
interinu;5;4;20
interior;1;1;1
interiór;34;17;578
interligasaun;1;1;1
interministerial;1;1;1
interministeriál;3;2;6
interna;8;4;32
internasional;3;3;9
internasionál;40;32;1280
international;9;7;63
internet;12;8;96
internu;2;2;4
interpol;1;1;1
intervalu;1;1;1
intervensaun;16;15;240
interview;1;1;1
intervista;2;2;4
intervéin;2;1;2
intrega;1;1;1
introdús;1;1;1
introdúz;2;2;4
inundasaun;42;24;1008
inus;3;3;9
inus-been;1;1;1
invazór;1;1;1
inventa;1;1;1
investe;7;7;49
investiga;1;1;1
investigadór;6;3;18
investigasaun;36;25;900
investimentu;5;3;15
inácia;1;1;1
inácio;3;1;3
inísia;1;1;1
inísiu;11;10;110
iob;1;1;1
iom;7;4;28
iorke;1;1;1
ipar-ira;1;1;1
ipb;12;3;36
ipdc;1;1;1
ipu;1;1;1
ira;1;1;1
iradarat;1;1;1
irake;5;1;5
iregularidade;3;3;9
iresponsável;1;1;1
irigasaun;4;4;16
irlándia;1;1;1
irrawaddy;1;1;1
isaac;10;10;100
isabel;4;3;12
isc;1;1;1
isensaun;2;1;2
isfit;1;1;1
isin;3;3;9
isin-fulun;1;1;1
isin-lolon;1;1;1
isin-manas;8;4;32
isin-rua;15;6;90
isjb;1;1;1
islándia;1;1;1
ispa;4;2;8
israel;7;1;7
istória;31;21;651
istóriku;9;9;81
it;1;1;1
ita;372;163;60636
ita-boot;44;25;1100
ita-nia;166;102;16932
ita-nian;2;2;4
item;1;1;1
itália;10;4;40
iv;1;1;1
ivan;1;1;1
ix;1;1;1
izensaun;3;1;3
izidoro;1;1;1
izola-an;2;1;2
izoladu;2;2;4
izolamentu;27;15;405
izrael;7;2;14
jaco;1;1;1
jacob;4;3;12
jai;1;1;1
jaime;4;1;4
jakarta;3;2;6
jambi;4;1;4
jamil;1;1;1
janeiro;1;1;1
janeiru;21;15;315
janela;2;2;4
januario;4;1;4
januário;1;1;1
japan;3;3;9
japaun;20;13;260
japonés;1;1;1
jaquelina;1;1;1
jardim;2;1;2
jardín;3;3;9
javid;1;1;1
javier;1;1;1
jawab;1;1;1
jb;1;1;1
jds;2;1;2
jefri;4;1;4
jeleira;1;1;1
jeneralidade;3;1;3
jenerosidade;1;1;1
jenerozidade;1;1;1
jenerál;31;14;434
jeofízika;8;8;64
jeografia;1;1;1
jeong;1;1;1
jeongho;1;1;1
jeradór;2;1;2
jeral;1;1;1
jeralmente;2;2;4
jerasaun;9;8;72
jere;10;10;100
jerente;1;1;1
jerigen;1;1;1
jersey;1;1;1
jeruk;1;1;1
jerusalém;1;1;1
jerál;110;77;8470
jerónimo;9;9;81
jesse;1;1;1
jestau;1;1;1
jestaun;75;68;5100
jestu;3;3;9
jestór;7;6;42
jesus;33;29;957
jianguo;1;1;1
jica;8;3;24
jim;1;1;1
jináziu;2;2;4
jiwa;1;1;1
jl;1;1;1
jo;30;19;570
joana;1;1;1
joanico;2;2;4
joaquim;9;7;63
joe;3;1;3
joga;3;3;9
jogadór;24;8;192
jogu;24;10;240
jogus;1;1;1
johanis;1;1;1
johnson;2;1;2
joko;2;1;2
jong-un;2;1;2
joni;1;1;1
jorge;13;3;39
jornalista;95;89;8455
jornalizmu;5;2;10
jornál;2;2;4
jose;2;1;2
joseph;4;2;8
josé;46;31;1426
journalism;1;1;1
journalism’;1;1;1
joven;67;36;2412
jovenel;3;1;3
joventude;4;4;16
jr;2;2;4
jsu;1;1;1
judisiál;1;1;1
juice;1;1;1
jujur;1;1;1
julga;1;1;1
juli;4;4;16
juliana;3;1;3
julieta;1;1;1
julio;5;2;10
jullu;110;97;10670
juncto;1;1;1
junior;1;1;1
junta;6;1;6
jupiter;1;1;1
jurídiku;1;1;1
justa;2;1;2
justifika;5;5;25
justifikasaun;2;2;4
justisa;22;14;308
justu;4;4;16
juventude;29;24;696
juventus;2;1;2
juvinal;8;7;56
juvêncio;1;1;1
juíz;2;2;4
juñu;90;81;7290
jénebra;1;1;1
júlia;1;1;1
júlio;5;4;20
júri;2;2;4
k;1;1;1
ka;357;217;77469
kabaas;3;3;9
kabas;1;1;1
kabe;1;1;1
kabeen;1;1;1
kaben;9;6;54
kabotajen;5;1;5
kabu;4;3;12
kabun;2;2;4
kada;76;57;4332
kadeia;7;4;28
kadeira;5;2;10
kadeira-roda;1;1;1
kadernu;2;2;4
kaduak;2;2;4
kaer;18;13;234
kaer-fatin;1;1;1
kafi;4;3;12
kafé;26;4;104
kahur;2;2;4
kaibada;4;2;8
kaibuilale;1;1;1
kaikoli;30;29;870
kail;3;1;3
kairui;2;1;2
kaisabe;1;1;1
kaixa;5;4;20
kajerna;1;1;1
kak;6;4;24
kakak;1;1;1
kakeu-laran;1;1;1
kakorok;1;1;1
kaktuir;1;1;1
kakutak;2;1;2
kaladu;2;2;4
kalamidade;6;5;30
kalan;30;16;480
kaleen;1;1;1
kalen;1;1;1
kalendáriu;3;2;6
kalifórnia;1;1;1
kalkula;1;1;1
kalkulasaun;1;1;1
kalkutá;1;1;1
kalma;3;2;6
kalohan;6;4;24
kalsa;2;2;4
kalung;1;1;1
kalváriu;1;1;1
kama;2;2;4
kamaan;3;3;9
kamboja;1;1;1
kamchatka;1;1;1
kamea;12;3;36
kamera;1;1;1
kami;1;1;1
kamii;1;1;1
kamioneta;1;1;1
kamiza;1;1;1
kamizola;1;1;1
kamoemorasaun;1;1;1
kampaña;27;21;567
kampañia;1;1;1
kampeaun;3;1;3
kampeonatu;1;1;1
kamponezes;3;1;3
kampu;21;12;252
kampung;5;3;15
kampus;15;13;195
kanadá;4;4;16
kanaliza;1;1;1
kanalizasaun;8;4;32
kandidata;7;3;21
kandidata-an;3;2;6
kandidatu;29;14;406
kandidatura;6;5;30
kanek;10;9;90
kankru;1;1;1
kanotak;3;3;9
kansela;7;6;42
kantor;1;1;1
kantores;1;1;1
kantu;1;1;1
kanu;3;2;6
kanuru;2;1;2
kanál;4;3;12
kapasidade;34;24;816
kapasita;6;5;30
kapasitasaun;7;4;28
kapela;5;2;10
kapital;2;2;4
kapitaun;4;4;16
kapitál;24;21;504
kaptura;38;22;836
kapturasaun;8;7;56
kapítulu;2;1;2
kara-ulun;1;1;1
karabau;1;1;1
karatayano;2;1;2
karatayano’;2;1;2
karaterístika;1;1;1
karathayano;1;1;1
karau;6;3;18
karau-mate;1;1;1
karau-ulun;1;1;1
kardeal;2;1;2
kardiurespiratóriu;1;1;1
karega;5;1;5
karegamentu;6;1;6
kareira;3;3;9
kareta;42;18;756
kareta-na’in;1;1;1
kargu;18;11;198
karidade;3;2;6
karik;49;38;1862
karosa;3;2;6
karpinteiru;1;1;1
karreta;1;1;1
karris;1;1;1
kart;1;1;1
karta;32;17;544
kartaun;11;8;88
karól;1;1;1
kasa;2;2;4
kasnafar;1;1;1
kastamonu;1;1;1
kastelu;1;1;1
kastiga;1;1;1
kasu;2;1;2
kata;1;1;1
katak;849;451;382899
katedrál;1;1;1
kategoria;10;9;90
kathleen;2;1;2
katuas;4;4;16
katuas-ferik;1;1;1
katu’i;2;1;2
katástrofe;1;1;1
katástrofe’;1;1;1
katólika;23;10;230
katóliku;2;2;4
kautelár;1;1;1
kauza;28;25;700
kay;10;9;90
kayah;1;1;1
kayrala;1;1;1
kaza;1;1;1
kazu;203;74;15022
kazál;2;1;2
kbiit;12;10;120
kbiit-laek;34;11;374
kbiit-laek’;2;1;2
kbiít-laek;1;1;1
kbi’it-laek;1;1;1
ke;16;12;192
kedas;43;41;1763
keixa;7;4;28
kelebihan;1;1;1
kelikai;3;3;9
keluarga;1;1;1
kendari;1;1;1
kery;1;1;1
kes;1;1;1
kesi;1;1;1
kestau;1;1;1
kestaun;7;7;49
kestiona;4;4;16
keta;1;1;1
keta-ketak;3;3;9
ketak;2;1;2
keuntungan;1;1;1
keur;1;1;1
kevin;6;5;30
ke’e;1;1;1
kff;2;1;2
kg;3;2;6
khin-u;1;1;1
khunto;5;4;20
kiak;8;5;40
kibiselo;1;1;1
kilat;4;3;12
kilat-musan;1;1;1
kilógrama;10;5;50
kilómetru;5;5;25
kim;4;3;12
kinefuchi;4;4;16
kinta;29;28;812
kintal-boot;1;1;1
kinur;3;2;6
kios;1;1;1
kioske;1;1;1
ki’ak;1;1;1
ki’ik;19;15;285
kkln;6;4;24
klak-fuik;1;1;1
klandestinu;1;1;1
klaran;5;4;20
klarifika;3;2;6
klarifikasaun;1;1;1
klaru;21;17;357
klase;4;4;16
klasifikasaun;6;6;36
kleur;8;6;48
kle’an;10;10;100
kliente;3;3;9
klima;5;3;15
klimátika;4;4;16
kliner;1;1;1
kloot;8;3;24
klubu;14;6;84
klínika;14;6;84
km;6;3;18
kmanek;2;2;4
kmaus;4;2;8
knaar;20;16;320
knaar-fatin;35;35;1225
knotak;1;1;1
ko;1;1;1
koagulasaun-raan;1;1;1
kobertura;1;1;1
kobre;11;8;88
kode;1;1;1
kofinansia;1;1;1
kofre;3;3;9
koica;2;2;4
kois;1;1;1
koko;1;1;1
kokoa;1;1;1
kolabora;3;3;9
kolaborasaun;2;2;4
kolaterál;8;4;32
kole;2;2;4
kolega;7;6;42
kolekta;1;1;1
kolen;1;1;1
kolen’;1;1;1
koletiva;3;2;6
koletivu;2;2;4
koligasaun;1;1;1
kolimau;1;1;1
kolleta;9;3;27
kolmera;11;5;55
koloka;7;5;35
kolokadu;1;1;1
kolokasaun;1;1;1
kolombia;1;1;1
kolár;1;1;1
komanante;1;1;1
komandante;78;45;3510
komandate;1;1;1
komandu;39;31;1209
kombate;23;20;460
kombatente;12;9;108
kombinasaun;1;1;1
komboiu;14;2;28
kombustivel;4;1;4
kombustível;4;3;12
komemora;11;9;99
komemorasaun;9;8;72
komentáriu;2;2;4
komersializa;1;1;1
komersializasaun;5;3;15
komersiante;1;1;1
komersiu;1;1;1
komersiál;8;6;48
komesa;19;17;323
komete;4;3;12
komisaun;48;33;1584
komisáriu;14;12;168
komitiva;4;4;16
komitmentu;7;6;42
komité;4;2;8
komjer;2;1;2
komobilidade;1;1;1
komoro;39;26;1014
komp;2;1;2
kompadante;1;1;1
kompara;20;16;320
komparativu;2;1;2
komparénsia;1;1;1
kompas;2;2;4
kompatriota;2;1;2
kompañia;60;36;2160
kompensa;1;1;1
kompensasaun;10;3;30
kompete;18;8;144
kompetente;6;6;36
kompetisaun;9;5;45
kompeténsia;6;6;36
kompleksidade;1;1;1
komplementa;1;1;1
kompleta;33;27;891
kompletu;21;16;336
komplikadu;1;1;1
komponente;8;7;56
komportamentu;5;2;10
kompostu;52;46;2392
kompozisaun;1;1;1
kompradores;1;1;1
kompradór;5;3;15
kompreensaun;1;1;1
komprende;11;8;88
komprensaun;1;1;1
komprimentu;1;1;1
komprimetidu;1;1;1
komprimisu;1;1;1
kompromete;2;2;4
komprometidu;4;3;12
kompromisu;11;8;88
komprova;9;7;63
komprovativu;2;1;2
komputadór;1;1;1
komum;1;1;1
komuniadade;1;1;1
komunidade;328;142;46576
komunika;1;1;1
komunikadu;117;85;9945
komunikandu;1;1;1
komunikasan;1;1;1
komunikasaun;45;28;1260
komunikau;1;1;1
komunitária;11;8;88
komunitáriu;4;3;12
komérsiu;27;20;540
komún;3;2;6
kona;5;5;25
kona-ba;242;184;44528
konakri;2;1;2
kondekorasaun;1;1;1
kondena;4;2;8
kondisaun;98;59;5782
kondolénsia;8;6;48
kondutór;6;3;18
koneksaun;4;1;4
konektadu;1;1;1
konetivade;1;1;1
konetividade;5;2;10
konferénsia;24;19;456
konfesaun;1;1;1
konfiansa;7;5;35
konfinamentu;38;26;988
konfirma;2;2;4
konfirmadu;7;6;42
konfirmasaun;2;2;4
konflitu;13;7;91
konforme;2;2;4
konfortável;2;2;4
konfronta;2;2;4
konfrontu;3;2;6
konfuzaun;1;1;1
kong;1;1;1
kongratula;4;3;12
kongratulasaun;1;1;1
kongregasaun;2;1;2
kongresu;1;1;1
kongu;3;1;3
konjelamentu;3;1;3
konjunta;15;12;180
konjuntu;4;3;12
konjuntu’;1;1;1
konklui;6;6;36
konkorda;8;6;48
konkordata;1;1;1
konkordánsia;2;2;4
konkorente;1;1;1
konkretiza;2;2;4
konkretu;2;2;4
konkursu;3;3;9
konsagra;1;1;1
konsege;39;29;1131
konseitu;4;4;16
konseituál;1;1;1
konsekentemente;1;1;1
konsekénsia;2;2;4
konselleiru;3;3;9
konselllu;1;1;1
konsellu;118;71;8378
konsentra;3;3;9
konsentrasaun;2;2;4
konserteza;3;3;9
konserva;5;4;20
konservasaun;1;1;1
konsesaun;1;1;1
konsesu;1;1;1
konsidera;37;33;1221
konsiderasaun;1;1;1
konsiensializa;1;1;1
konsiente;1;1;1
konsituisaun;1;1;1
konsiénsia;15;8;120
konsolida;2;2;4
konstititional;1;1;1
konstituisaun;16;9;144
konstitusionalidade;1;1;1
konstitusionál;7;7;49
konstrajimentu;1;1;1
konstrui;19;17;323
konstruidór;1;1;1
konstrusaun;78;41;3198
konsul;1;1;1
konsuladu;7;1;7
konsulta;11;8;88
konsultante;1;1;1
konsultativu;1;1;1
konsultivu;1;1;1
konsultór;1;1;1
konsume;2;1;2
konsumidór;6;2;12
konsumu;4;3;12
konsórsiu;1;1;1
konta;19;14;266
kontajiozu;1;1;1
kontakta;1;1;1
kontaktu;9;9;81
kontamidadu;1;1;1
kontaminadu;2;1;2
kontatu;1;1;1
kontekstu;1;1;1
kontente;27;21;567
konteúdu;1;1;1
kontibui;1;1;1
kontinente;1;1;1
kontinjente;2;1;2
kontinu;1;1;1
kontinua;155;124;19220
kontinuasaun;2;2;4
kontra;129;94;12126
kontradíz;1;1;1
kontrasaun;1;1;1
kontratadu;4;3;12
kontratasaun;1;1;1
kontratu;24;14;336
kontratór;1;1;1
kontribui;30;26;780
kontribuisaun;24;18;432
kontribusaun;1;1;1
kontrola;32;21;672
kontrola-an;1;1;1
kontroladu;1;1;1
kontrolu;19;14;266
kontruksaun;1;1;1
kontrusaun;4;4;16
kontrusaun-de-uzu;1;1;1
kontráriu;2;1;2
kontájiu;1;1;1
konvensaun;6;2;12
konvensionál;2;2;4
konversa;4;3;12
konvida;4;4;16
konvoka;1;1;1
konvokatóriu;1;1;1
konvés;1;1;1
koopera;21;17;357
kooperasaun;31;23;713
kooperativa;6;3;18
koordena;7;7;49
koordenadora;2;2;4
koordenadór;23;18;414
koordenasaun;7;6;42
kopa;8;3;24
koperasaun;1;1;1
korajen;3;2;6
korajozu;1;1;1
koranjen;1;1;1
kordena;2;2;4
kordenadór;2;2;4
kordenasaun;3;2;6
korea;53;15;795
koreia;1;1;1
korente;7;5;35
koresponde;2;1;2
koronél;1;1;1
korta;3;1;3
korupasaun;1;1;1
korupsaun;12;10;120
kose;1;1;1
kosta;6;2;12
kosteira;2;2;4
kosteiras;1;1;1
kotak;1;1;1
koto;1;1;1
koto-nurak;1;1;1
kotu;5;5;25
kotuk;38;28;1064
kova;3;2;6
kovalima;43;30;1290
koziña;1;1;1
koñese;6;6;36
koñesementu;1;1;1
koñesida;1;1;1
koñesidu;6;6;36
koñesimentu;13;12;156
ko’a;6;3;18
ko’alia;46;32;1472
kraft;1;1;1
kraik;12;10;120
kram;1;1;1
krarás;2;1;2
kreatividade;12;9;108
kreativu;4;3;12
kreda;1;1;1
kredensiál;1;1;1
kredível;4;3;12
kremasaun;4;2;8
krese;1;1;1
kresimentu;6;3;18
kri;4;1;4
kria;36;31;1116
kriasaun;4;3;12
krime;16;9;144
krimi;1;1;1
kriminozu;1;1;1
kriminál;6;6;36
kristu;3;2;6
kristu-rei;9;7;63
kriteria;2;1;2
kritika;2;2;4
kritéria;5;4;20
krize;54;51;2754
kronolojia;2;2;4
kruza;1;1;1
kruzamentu;2;1;2
kruél;1;1;1
kréditu;2;2;4
kría;1;1;1
krítika;6;5;30
krítiku;2;1;2
króniku;1;1;1
krúz;6;3;18
ksds;6;3;18
ksolok;4;4;16
kuadradu;5;2;10
kuala;1;1;1
kualidade;33;28;924
kualifikadu;2;2;4
kualitativa;1;1;1
kualkér;8;8;64
kuandu;36;28;1008
kuantidade;7;4;28
kuarentena;25;14;350
kuarta;31;31;961
kuartu;10;4;40
kuartél;12;12;144
kuaze;29;25;725
kuba;1;1;1
kuda;32;11;352
kuida;8;5;40
kuida-an;1;1;1
kuidadu;23;16;368
kuidadu-an;2;2;4
kuitadu;2;2;4
kuku;1;1;1
kulinária;2;1;2
kulit;5;4;20
kultivasaun;1;1;1
kultivu;1;1;1
kultu;2;2;4
kultura;30;26;780
kulturál;8;6;48
kulu;1;1;1
kuluhun;2;2;4
kumoro;2;2;4
kumpre;3;3;9
kumpri;45;34;1530
kumprimenta;1;1;1
kumprimentu;3;3;9
kumprimentus;2;2;4
kumulativu;4;4;16
kuntinua;1;1;1
kupan-ntt;1;1;1
kupang;1;1;1
kura;1;1;1
kurikulum;1;1;1
kurikulár;1;1;1
kursu;9;5;45
kurtél;1;1;1
kuru;4;3;12
kuríkulu;1;1;1
kusteira;1;1;1
kustu;12;9;108
kustura;1;1;1
ku’ak;2;2;4
kylian;1;1;1
kámara;1;1;1
kámera;2;2;4
ké;1;1;1
kódigu;4;4;16
kónjuge;1;1;1
kór;1;1;1
la;387;209;80883
la'e;1;1;1
la'o;5;5;25
la'os;1;1;1
la'ós;2;2;4
labarik;64;31;1984
labarik’;1;1;1
label;1;1;1
labele;162;102;16524
laboratóriu;4;3;12
ladi’ak;1;1;1
ladun;1;1;1
ladún;17;14;238
lae;12;11;132
laek;2;2;4
laek’;1;1;1
laet;1;1;1
lafu;2;1;2
lahane;4;3;12
laho;3;2;6
lai;8;6;48
laiha;110;74;8140
lailais;1;1;1
lakan;3;1;3
laklubar;5;2;10
lakluta;1;1;1
lakohi;31;25;775
lakon;33;23;759
lakoto;1;1;1
lala'ok;1;1;1
lalais;49;39;1911
lalatak;2;2;4
lalawa;1;1;1
lala’o;1;1;1
lala’ok;2;2;4
laleia;3;2;6
lalika;8;6;48
lalin;8;5;40
lalisuk;1;1;1
laloos;2;1;2
laloran;10;5;50
lama;4;2;8
lamenta;6;6;36
lamentasaun;10;8;80
lampu;1;1;1
landing;2;1;2
lansa;42;30;1260
lansamentu;48;29;1392
lanu;1;1;1
lanud;1;1;1
lao;2;2;4
laos;1;1;1
lapizeira;2;2;4
laptop;2;2;4
laran;135;111;14985
laran-susar;2;1;2
largo;3;1;3
largu;4;3;12
largura;1;1;1
las;1;1;1
lasidere;1;1;1
lasu;3;3;9
lata;3;2;6
laulara;1;1;1
laundry;1;1;1
laurentina;1;1;1
lautem;1;1;1
lautén;32;18;576
lavatere;1;1;1
lay;1;1;1
la’en;11;4;44
la’o;51;38;1938
la’os;62;52;3224
la’ós;2;2;4
lda;17;9;153
lda-zamroni;2;1;2
le;1;1;1
leader;1;1;1
league;3;2;6
leagues;1;1;1
leandro;1;1;1
leba;3;3;9
lebos;7;2;14
lecidere;5;2;10
lee;1;1;1
leet;1;1;1
legadu;1;1;1
legalidade;2;2;4
legalizasaun;1;1;1
legál;4;4;16
lei;74;45;3330
leila;3;2;6
leimea;1;1;1
leite;2;2;4
lejislativa;1;1;1
lekisa;1;1;1
leman;5;3;15
leman’;2;2;4
lembra;3;3;9
lemos;1;1;1
leo-lima;1;1;1
leolima;2;1;2
leonardo;1;1;1
leonel;6;2;12
leonito;5;1;5
leorema;1;1;1
leovigildo;1;1;1
lepo;2;2;4
lepoldina;1;1;1
lere;22;9;198
lesa-arte;2;1;2
lesensiamentu;1;1;1
lesidere;4;4;16
leste;3;3;9
lesu;2;1;2
letefoho;14;8;112
leten;27;21;567
letiva;2;2;4
letivu;3;2;6
letra;2;1;2
letónia;1;1;1
leusate;1;1;1
levanta;1;1;1
levantamentu;4;4;16
lftl;7;1;7
lg;1;1;1
lia;8;6;48
lia-anin;2;2;4
lia-bolu;1;1;1
lia-falsu;1;1;1
lia-menon;5;5;25
lia-na'in;1;1;1
lia-na’in;2;2;4
liafuan;13;10;130
lian;19;10;190
lian’;1;1;1
liaruka;3;1;3
liberdade;15;10;150
liberta;1;1;1
libertasaun;22;16;352
library;1;1;1
libérée;1;1;1
lidera;26;19;494
lideransa;12;11;132
lifau;1;1;1
life;1;1;1
liga;17;14;238
ligasaun;8;6;48
likbau-ulu;1;1;1
likidoe;1;1;1
likisa;1;1;1
likisá;33;23;759
likisá-dili;1;1;1
lilis;1;1;1
lima;32;22;704
liman;24;18;432
liman-karuk;1;1;1
liman-loos;1;1;1
limanulu;1;1;1
limanulu-resin-ualu;1;1;1
limita;7;7;49
limitadu;4;4;16
limitasaun;3;3;9
limite;3;3;9
limpeza;1;1;1
lingard;1;1;1
link;1;1;1
lino;11;7;77
lionel;7;3;21
lions;1;1;1
lisa;1;1;1
lisadila;1;1;1
lisan;1;1;1
lisaun;2;2;4
lisboa;1;1;1
lisbon;1;1;1
lisensa;13;9;117
lisensiadu;1;1;1
lisensiamentu;1;1;1
lisensiatura;2;2;4
lisidere;1;1;1
lista;17;12;204
litru;6;3;18
lituánia;1;1;1
liu;219;143;31317
liu-liu;4;4;16
liubá;77;68;5236
liuhosi;343;251;86093
liuliu;106;87;9222
liur;1;1;1
liurai;1;1;1
liutan;1;1;1
liután;59;48;2832
live;1;1;1
livia;4;3;12
livre;24;15;360
livremente;1;1;1
livriñu;1;1;1
livru;17;7;119
lixeiru;3;2;6
lixu;9;6;54
lizboa;1;1;1
liña;42;24;1008
liña-frente;1;1;1
li’is;1;1;1
li’ur;9;8;72
lobato;19;18;342
lobatu;1;1;1
lockdown;14;10;140
loco;2;2;4
loes;2;2;4
logo;2;1;2
loja;12;6;72
lojístika;2;2;4
loka;1;1;1
lokal;2;2;4
lokaliza;9;9;81
lokalizadu;3;2;6
loke;35;21;735
lokál;58;42;2436
lolo;1;1;1
lolon;3;3;9
loloos;35;29;1015
lolotoe;1;1;1
lona;9;4;36
lona-mahon;1;1;1
londres;2;2;4
longu;2;1;2
longuinhos;11;6;66
loos;35;26;910
lopes;18;15;270
loren;1;1;1
lorenzo;1;1;1
lori;126;101;12726
loriku;2;2;4
loro;1;1;1
loro-kraik;12;11;132
loro-loron;31;24;744
loro-manas;3;2;6
loro-matan;3;2;6
loroloron;1;1;1
loron;272;179;48688
loron-;2;2;4
loron-kalan;1;1;1
loron-loron;1;1;1
lorosa’e;28;27;756
lospalos;4;2;8
lot;1;1;1
lote;2;1;2
louren;4;1;4
louva;1;1;1
luak;3;2;6
luak-manufahi;1;1;1
luan;4;3;12
lubuk;16;16;256
lubun;1;1;1
lucas;7;5;35
lucitania;1;1;1
lugár;4;2;8
luis;12;7;84
luke;1;1;1
lukru;1;1;1
lulik;1;1;1
lumpur;1;1;1
lunar;4;1;4
luta;42;28;1176
luta-na’in;1;1;1
lutadór;2;1;2
lutu;9;4;36
luxemburgu;1;1;1
luz;3;2;6
líbanu;1;1;1
líder;27;26;702
lídia;4;2;8
língua;1;1;1
lívia;1;1;1
lívre;1;1;1
lú;89;77;6853
lúz;1;1;1
m;3;3;9
ma;2;2;4
macet;1;1;1
machado;1;1;1
macln;2;1;2
madalena;3;1;3
madarin;1;1;1
madeia;1;1;1
madeira;1;1;1
madelana;1;1;1
madina;1;1;1
madohi;2;2;4
madre;2;2;4
madrid;4;3;12
madrugada;7;6;42
madrugrada;1;1;1
mae;16;9;144
maek;5;1;5
mafima;1;1;1
mafra;1;1;1
magalh;8;7;56
magno;3;3;9
magnus;1;1;1
magu;2;1;2
mahon;3;3;9
mahunu;2;1;2
mai;244;159;38796
maia;6;6;36
maibe;3;2;6
maibé;341;228;77748
maihosi;1;1;1
maioria;19;16;304
maira;2;2;4
mais;6;5;30
maiu;96;80;7680
maiór;12;12;144
maiória;1;1;1
majór;1;1;1
mak;786;376;295536
maka;4;4;16
maka'as;4;4;16
makadade;3;1;3
makalaku;1;1;1
makasar;3;3;9
maka’as;36;31;1116
maka’as’;1;1;1
make;1;1;1
maket;1;1;1
makina;1;1;1
makln;1;1;1
maksakur;1;1;1
maksakur’;1;1;1
mal-nutrisaun;4;3;12
malae;2;1;2
malere;2;1;2
malewa;1;1;1
maliana;14;10;140
malibaka;1;1;1
malikati;3;1;3
malik’;1;1;1
malirin;3;3;9
mali’;1;1;1
maloa;2;2;4
malu;94;71;6674
maluk;20;19;380
malu’;1;1;1
malázia;8;5;40
mamadi;1;1;1
mamar;1;1;1
mamramo;1;1;1
mamuju;2;1;2
mamuk;3;3;9
manajer;1;1;1
manas;3;1;3
manatutu;25;16;400
manatutu-vila;1;1;1
manchester;13;3;39
manda;2;2;4
mandadu;1;1;1
mandailing;1;1;1
mandalay;1;1;1
mandarin;1;1;1
mandate;2;2;4
mandatu;12;10;120
mane;74;45;3330
manifesta;3;2;6
manifestasaun;1;1;1
manik;1;1;1
manipulasaun;4;2;8
manleuana;21;10;210
manny;1;1;1
manorin;5;3;15
manquillo;1;1;1
mantein;3;2;6
mantéin;45;35;1575
manu-tolun;4;2;8
manual;1;1;1
manubise;1;1;1
manuel;15;11;165
manufahi;172;54;9288
manufahi-dili;1;1;1
manufatureira;1;1;1
manumera;2;1;2
manutensaun;14;14;196
manuál;4;4;16
manán;9;7;63
manán-na;6;3;18
map;14;7;98
mapa;3;2;6
mapeamentu;1;1;1
mapelai;1;1;1
mapkoms;11;6;66
mar;5;2;10
marabia;1;1;1
maracana;1;1;1
maran;3;3;9
marcelina;2;1;2
marcelino;2;1;2
marco;7;3;21
marcos;7;3;21
mari;2;1;2
maria;37;33;1221
marie;1;1;1
marino;1;1;1
mario;3;2;6
maristi;1;1;1
marjinalizadu;1;1;1
mark;1;1;1
marka;36;28;1008
marobo;1;1;1
maromak;9;4;36
marques;2;2;4
marsekal;1;1;1
marsiál;5;3;15
marsu;36;27;972
martine;1;1;1
martinho;2;2;4
martins;16;14;224
marxa;1;1;1
marí;3;3;9
maría;1;1;1
marítima;10;8;80
mas;1;1;1
masakre;15;7;105
masami;5;4;20
mascarinhas;2;2;4
masimidar;1;1;1
masin;2;1;2
maske;34;32;1088
masker;1;1;1
masu;2;1;2
mata-dalan;1;1;1
mata-ween;2;2;4
matadouru;4;3;12
matahari;2;2;4
matak;2;2;4
matak-;1;1;1
matak-malirin;3;2;6
matan;94;74;6956
mate;116;64;7424
mate-isin;10;4;40
matebian;24;10;240
matenek;13;8;104
material;3;2;6
materiál;15;9;135
mateus;1;1;1
mathur;2;2;4
matilda;1;1;1
matrix;2;1;2
matríkula;4;4;16
matéin;1;1;1
matéria;10;7;70
mau;5;5;25
maubara;10;8;80
maubise;6;3;18
maubisi;1;1;1
maulear;1;1;1
maumali;1;1;1
maun;6;5;30
maun-alin;5;5;25
maun-fahe;2;2;4
mauricio;2;1;2
maus;1;1;1
mausiga;2;1;2
mavic;1;1;1
max;11;2;22
maximiza;1;1;1
maximu;2;2;4
ma’huno;7;2;14
mbappe;1;1;1
mcc;1;1;1
md;3;2;6
mean;5;4;20
media;2;2;4
mediasaun;1;1;1
medida;50;26;1300
medidas;1;1;1
medikamentu;1;1;1
medisa;3;1;3
medisina;5;3;15
mediteráneu;1;1;1
medulla;1;1;1
meeting;1;1;1
mehi;9;5;45
meia;3;3;9
meiu;10;10;100
meiu-dia;1;1;1
meiudia;1;1;1
mejd;11;7;77
mekanizmu;5;5;25
mekar;1;1;1
mekánika;1;1;1
melbourne;1;1;1
mellora;8;7;56
melloramentu;3;2;6
mellór;1;1;1
membru;108;58;6264
membu;2;2;4
memo;5;4;20
memorandu;1;1;1
memorandum;2;2;4
memória;7;5;35
mendes;2;1;2
mendon;2;2;4
mendonca;1;1;1
mensajen;25;19;475
mensajén;3;1;3
mensiona;2;2;4
mensál;4;1;4
mentalidade;1;1;1
mentál;10;3;30
menus;45;29;1305
menór;4;4;16
merck;1;1;1
merenda;1;1;1
merese;3;2;6
mericio;3;1;3
merkadoria;2;1;2
merkadu;71;30;2130
merkadu-lama;1;1;1
merício;12;10;120
mesak;11;6;66
mesquita;1;1;1
messenger;2;1;2
messi;11;3;33
messk;36;17;612
mestradu;1;1;1
mestre;3;3;9
mestri;1;1;1
meta;4;4;16
metade;1;1;1
metan;1;1;1
meteorojia;1;1;1
meteorolojia;4;4;16
meteorolójika;1;1;1
metereolojia;4;4;16
meterolojia;2;1;2
metiaut;7;1;7
metin;5;5;25
metinaru;6;4;24
metodolojia;1;1;1
metro;1;1;1
metropolitana;2;2;4
metropolitanu;1;1;1
metru;39;16;624
metál;1;1;1
meza;5;2;10
mezmu;4;4;16
me’ar;3;3;9
mf;23;9;207
mi;22;12;264
mianmar;4;1;4
migir;1;1;1
migrasaun;20;10;200
migratóriu;1;1;1
miguel;21;10;210
mii;1;1;1
mii’;1;1;1
mikro;1;1;1
mikrofone;1;1;1
mikrograma;1;1;1
mikrolet;1;1;1
mikrolete;26;7;182
mil;2;1;2
milagre;2;2;4
milan;1;1;1
milena;3;1;3
militante;1;1;1
militár;41;15;615
millaun;90;32;2880
milloens;2;1;2
milísia;3;2;6
mina;11;8;88
mina-matan;10;3;30
mina-rai;3;2;6
minarai;3;3;9
mindelo;1;1;1
mindelu;1;1;1
minerál;1;1;1
miniatura;1;1;1
minimarket;1;1;1
minimiza;1;1;1
ministeriu;2;2;4
ministeriál;7;3;21
ministra;61;33;2013
ministru;258;144;37152
ministrus;1;1;1
ministu;1;1;1
ministériu;202;151;30502
ministériál;1;1;1
minitériu;1;1;1
minoridade;6;4;24
minute;1;1;1
minutu;17;8;136
miranda;3;3;9
mirror;1;1;1
misa;6;4;24
misaun;21;17;357
misionáriu;3;1;3
mistura;4;2;8
mitigasaun;9;7;63
mitra;2;2;4
mj;12;5;60
mkae;1;1;1
ml;1;1;1
mnek;4;1;4
mobile;1;1;1
mobiliza;1;1;1
mobilizasaun;2;2;4
mocrolete;1;1;1
modalidade;8;4;32
modelu;5;5;25
moderada;1;1;1
moderadu;6;4;24
moderadu-forte;2;1;2
moderna;1;1;1
moderniza;2;2;4
modernizadu;1;1;1
modernizasaun;4;4;16
modernu;2;2;4
modo;9;4;36
modo-tahan;2;2;4
moe;4;3;12
moise;4;1;4
moises;6;3;18
mok;1;1;1
mokatil;9;1;9
mola;1;1;1
moldajen;1;1;1
molok;70;66;4620
molop;1;1;1
momentu;20;17;340
monaco;2;1;2
money;1;1;1
monisha;1;1;1
monitoriza;1;1;1
monitorizasaun;9;8;72
moniz;2;1;2
monsaun;2;2;4
monseñor;3;2;6
monta;3;1;3
montana;1;1;1
montante;47;28;1316
montañoza;1;1;1
monteiro;5;5;25
monu;16;13;208
monumentu;6;2;12
moos;5;5;25
mop;37;22;814
moras;96;50;4800
moras-kulit;2;2;4
moras’;1;1;1
moratoria;1;1;1
moris;85;52;4420
moris-foun;4;1;4
mortalidade;2;2;4
mortál;2;2;4
moru;7;4;28
morál;5;4;20
mos;5;4;20
mosambike;1;1;1
mosu;31;22;682
mota;37;18;666
mota-ain;2;2;4
mota-laran;1;1;1
mota-sohin;1;1;1
mota-ulun;2;1;2
motael;1;1;1
motante;1;1;1
motiva;7;3;21
motivu;3;3;9
moto;1;1;1
motor;3;3;9
motorista;9;2;18
motorizada;3;2;6
motorola;4;1;4
motto;1;1;1
motus;1;1;1
motíva;1;1;1
motór;2;2;4
mou;7;4;28
mouse;1;1;1
mout;9;3;27
mouzinho;3;3;9
movement;1;1;1
movimenta;4;4;16
movimentasaun;5;5;25
movimentu;42;26;1092
mozambike;1;1;1
mp;8;3;24
mpm;2;1;2
ms;48;22;1056
mssi;13;7;91
mtci;18;9;162
mtk;5;2;10
mtki;7;4;28
muda;18;13;234
mudansa;11;10;110
muito;1;1;1
mukit;1;1;1
mulher;1;1;1
multa;5;2;10
multi-funsaun;1;1;1
multi-kulturál;1;1;1
multi-relijioza;1;1;1
multi-setorál;2;1;2
multilaterál;1;1;1
multimedia;3;3;9
multiple;2;2;4
mumbai;3;1;3
mundial;1;1;1
mundiál;34;26;884
mundu;33;30;990
municipal;2;2;4
municipiu;1;1;1
munisipiu;14;13;182
munisipál;23;14;322
munisípiu;393;231;90783
munisípál;2;2;4
munkhtuya;2;2;4
munseñor;2;1;2
munísipiu;2;1;2
muru;6;1;6
mustafa;1;1;1
musulmanu;1;1;1
mutasaun;1;1;1
mutin;4;3;12
mutu;1;1;1
mutua;1;1;1
mutudare;1;1;1
muzéu;3;3;9
mx;1;1;1
myakan;1;1;1
myanmar;3;1;3
myanmar’;1;1;1
myaung;1;1;1
mákina;4;2;8
mántein;1;1;1
mártiru;2;1;2
másima;1;1;1
másimu;1;1;1
máskara;24;15;360
máximu;27;25;675
média;1;1;1
médika;4;3;12
médikamentu;1;1;1
médiku;23;18;414
médiku-espesialista;1;1;1
médiu;3;3;9
méritu;1;1;1
métade;1;1;1
métodu;3;3;9
méxiko;4;2;8
mídia;32;21;672
mínima;1;1;1
mínimu;4;4;16
mós;724;422;305528
móvel;3;2;6
múzika;1;1;1
n;2;2;4
na;2;2;4
na'in;1;1;1
na'in-;9;6;54
nab-naban;1;1;1
nabilan;1;1;1
nacional;6;6;36
nafatin;114;94;10716
naftali;2;1;2
nahak;1;1;1
nahe;4;3;12
naimeko;6;3;18
naimori;3;2;6
nain;4;3;12
nain-;2;2;4
nakfakar;1;1;1
nakfera;1;1;1
nakfilak-an;1;1;1
naklees;1;1;1
nakloke;2;2;4
nakome;2;1;2
nakonu;5;5;25
nakroma;4;4;16
nakukun;7;4;28
nalihun;3;2;6
namalai;2;1;2
namkari;1;1;1
nana;1;1;1
nanggala-;4;1;4
nani;2;1;2
nanis;1;1;1
nara-naran;1;1;1
naran;73;53;3869
narciso;3;1;3
naroman;4;4;16
narsizu;1;1;1
naruk;14;12;168
nasa;7;2;14
nasaun;118;76;8968
nascimento;5;1;5
nasional;3;3;9
nasionalidade;3;3;9
nasionál;364;244;88816
nasion’al;6;6;36
nasiriya;2;1;2
nasoens;1;1;1
nasonál;1;1;1
nasser;1;1;1
natal;1;1;1
natalino;4;3;12
natanyahu;2;2;4
natar;6;4;24
natar-na’in;1;1;1
natasaun;5;3;15
national;2;2;4
nations;1;1;1
naton;1;1;1
natoo;1;1;1
natoon;1;1;1
naturalmente;5;4;20
natureza;3;3;9
naturál;16;14;224
natál;3;2;6
natón;2;2;4
navegasaun;1;1;1
navál;5;3;15
naza;1;1;1
na’an;13;2;26
na’an-karau;1;1;1
na’i;3;2;6
na’in;86;45;3870
na’in-;499;136;67864
na’in-feto;6;3;18
na’ok;2;1;2
ncio;3;3;9
ndc;2;1;2
ndmc;1;1;1
ne;11;3;33
ne'e;99;61;6039
ne'ebe;1;1;1
ne'ebá;2;2;4
ne'ebé;96;53;5088
neen;23;20;460
neen-nulu;1;1;1
negativu;8;7;56
negosia;1;1;1
negosiada;1;1;1
negosiante;18;9;162
negosiante’;1;1;1
negosiasaun;3;2;6
negosiu;2;1;2
negro;1;1;1
negósiu;36;26;936
neineik;1;1;1
nelson;1;1;1
nene;1;1;1
neno;3;1;3
neon;1;1;1
neon-metin;2;1;2
neon-na’in;2;1;2
neonatal;1;1;1
nepál;1;1;1
nervozu;1;1;1
nervus;1;1;1
nesesidade;55;40;2200
nesesita;1;1;1
nesesáriu;9;8;72
neste;1;1;1
net;1;1;1
netanyahu;1;1;1
netik;8;6;48
neutraliza;3;3;9
neves;1;1;1
new;2;2;4
newcastle;1;1;1
news;157;145;22765
newscastle;1;1;1
neymar;1;1;1
ne’;1;1;1
ne’e;2294;612;1403928
ne’ebe;3;3;9
ne’ebá;49;30;1470
ne’ebé;1744;577;1006288
ne’ebé-ne;1;1;1
ne’eebé;1;1;1
nfali;1;1;1
ngo;2;1;2
nia;1195;467;558065
nia-an;6;6;36
nian;534;316;168744
nian’;1;1;1
nicolau;23;21;483
nijéria;1;1;1
niki-naheten;1;1;1
nikolau;1;1;1
nilton;2;1;2
ninen;2;1;2
nini;1;1;1
ninia;112;85;9520
ninian;23;18;414
ninin;4;4;16
ninin-ninin;1;1;1
nirwan;2;1;2
nitag;1;1;1
nitas;2;1;2
nivel;4;4;16
no;2461;619;1523359
noafafo;1;1;1
nobel;2;1;2
nobre;4;4;16
noe;2;1;2
noite;1;1;1
noke;1;1;1
noken;1;1;1
nomeasaun;2;2;4
nomeia;4;3;12
nominál;1;1;1
nomor;2;1;2
non;1;1;1
non-gormenamentál;1;1;1
non-governamental;1;1;1
non-governamentál;4;4;16
nonkikan;2;1;2
nono;2;1;2
nonook;2;2;4
norberta;3;2;6
norberto;2;2;4
norma;1;1;1
normal;1;1;1
normal-moderadu;1;1;1
normalidade;5;3;15
normaliza;3;3;9
normalizasaun;5;3;15
normalmente;1;1;1
normas;1;1;1
normál;11;10;110
noronha;3;3;9
norte;10;5;50
north;1;1;1
noruega;2;2;4
norueste;1;1;1
nossa;4;3;12
not;1;1;1
nota;11;8;88
notariadu;2;1;2
notifikasaun;3;2;6
notisioza;2;2;4
notável;1;1;1
notísia;4;4;16
nova;11;6;66
novembru;91;68;6188
novembu;1;1;1
novo;3;3;9
novu;1;1;1
np;1;1;1
ntt;12;7;84
nu;1;1;1
nu'udar;11;10;110
nuc;1;1;1
nudar;1;1;1
nug;1;1;1
nulu-resin-neen;1;1;1
nulu-resin-rua;1;1;1
numeru;1;1;1
nune;1;1;1
nune'e;18;16;288
nunes;1;1;1
nune’e;265;209;55385
nunka;8;6;48
nuno;2;1;2
nunu-henu;1;1;1
nunudoi;2;1;2
nunura;3;3;9
nunutana;3;1;3
nur;1;1;1
nurak;3;2;6
nusa;2;2;4
nusá;7;6;42
nutrisaun;9;4;36
nutritivu;3;2;6
nuu;6;3;18
nuu-badak;2;2;4
nu’dar;1;1;1
nu’udar;209;150;31350
nu’udár;1;1;1
nyaman;1;1;1
nytimes;2;1;2
ná;1;1;1
nível;23;16;368
nós;2;2;4
nú;10;7;70
nú-badak;2;2;4
númeru;97;57;5529
núnsiu;2;2;4
n’e;1;1;1
o;108;73;7884
o-de-obra;1;1;1
oan;88;50;4400
oan-feto;4;2;8
oan-kiak;6;1;6
obedese;1;1;1
oberva;1;1;1
obetivu;1;1;1
objetivu;61;56;3416
objetu;4;3;12
obra;8;7;56
obras;37;28;1036
obriga;11;9;99
obriga-an;1;1;1
obrigadu;10;8;80
obrigasaun;8;7;56
obrigatoriamente;6;6;36
obrigatória;1;1;1
obrigatóriu;21;15;315
observa;23;18;414
observasaun;10;10;100
obstetrics;1;1;1
obstetrisia;4;2;8
octavio;3;3;9
oda;1;1;1
odamatan;5;4;20
odete;38;23;874
odomau;1;1;1
oe-naheten;1;1;1
oe-silo;5;2;10
oe-silu;1;1;1
oebaba;1;1;1
oebena;1;1;1
oekusi;21;12;252
oel;2;1;2
oeleo;2;1;2
oenoah;1;1;1
oesilo;1;1;1
oesilu;2;2;4
oeste;1;1;1
of;12;10;120
ofensiva;1;1;1
oferese;23;18;414
oferta;1;1;1
off;1;1;1
office-tl;1;1;1
officer;1;1;1
ofisial;1;1;1
ofisialmente;21;21;441
ofisiál;110;100;11000
ofisiálmente;2;2;4
oh;3;2;6
ohin;681;487;331647
ohin-loron;2;2;4
oho;9;6;54
oin;63;51;3213
oinsa;1;1;1
oinsá;57;45;2565
oioin;24;22;528
ois;1;1;1
oitavu;1;1;1
oje;16;8;128
ojek;1;1;1
ojek’;1;1;1
okaziaun;12;12;144
oknum;3;2;6
okorénsia;1;1;1
okos;9;6;54
oksijenasaun;1;1;1
oksijéniu;6;4;24
okto;2;1;2
okupa;4;3;12
okupasaun;5;5;25
olanda;2;2;4
old;1;1;1
olimpic;1;1;1
olimpico;1;1;1
oliveira;4;4;16
olo;88;77;6776
olo';1;1;1
olympic;5;3;15
olímpiku;5;3;15
olívio;1;1;1
omenajen;2;2;4
omenjen;1;1;1
omesídiu;2;1;2
omicron;6;1;6
omilia;1;1;1
ompt;1;1;1
oms;30;17;510
on;1;1;1
ona;758;386;292588
onda;2;2;4
one;5;1;5
ong;2;2;4
online;39;21;819
onoráriu;1;1;1
onra;6;5;30
onradu;2;1;2
onu;3;3;9
ooooh;1;1;1
operadór;5;3;15
operasaun;45;33;1485
operasionál;7;4;28
opiniaun;2;2;4
oportunidade;29;22;638
opresaun;1;1;1
ops;1;1;1
opsaun;5;4;20
optic;1;1;1
oradór;1;1;1
oras;176;145;25520
orasaun;3;2;6
orbo;3;1;3
orden;5;5;25
ordenadu;1;1;1
orfanatu;1;1;1
org;1;1;1
organ;2;2;4
organisaun;1;1;1
organiza;9;8;72
organizadora;1;1;1
organizadu;2;1;2
organizasaun;33;30;990
orgaun;2;2;4
orgullu;9;9;81
orgánika;1;1;1
orgániku;4;3;12
orienta;11;9;99
orientadu;1;1;1
oriental;2;2;4
orientasaun;12;10;120
oriente;2;2;4
orijen;4;3;12
orjinalmente;1;1;1
orlando;10;6;60
ornai;2;2;4
orsamentu;95;53;5035
orsamentál;1;1;1
orsida;6;5;30
oráriu;7;6;42
osamentu;1;1;1
osan;77;41;3157
oscar;1;1;1
osidentál;1;1;1
osoala;2;1;2
ospitalidade;1;1;1
ospitalizasaun;1;1;1
ospitál;26;17;442
ossú;1;1;1
osuáriu;5;3;15
otelaria;1;1;1
otl;1;1;1
otél;4;4;16
ou;5;5;25
out;4;2;8
outubru;123;98;12054
own;1;1;1
oxijéniu;1;1;1
p;19;14;266
pa;5;2;10
pacheco;2;2;4
pacquiao;6;1;6
pad;8;3;24
pademia;1;1;1
padraun;9;8;72
padre;9;5;45
padrueiru;1;1;1
pagamentu;34;15;510
paix;9;9;81
pakote;8;5;40
palana;1;1;1
palestina;6;2;12
palácio;2;2;4
palásiu;88;82;7216
pam;4;1;4
pameran;1;1;1
pandemia;63;52;3276
pandémia;1;1;1
panifikasaun;1;1;1
pante;3;3;9
pante-makasar;1;1;1
pante-makassar;2;2;4
panyabungan;2;1;2
papa;31;7;217
papua;2;1;2
papál;1;1;1
papél;7;7;49
para;78;60;4680
parabéns;12;9;108
paradu;3;3;9
paralelu;6;2;12
paralon;1;1;1
paralímpiku;2;1;2
parasetamol;1;1;1
parese;1;1;1
paris;3;1;3
parlamentu;63;36;2268
parlamentár;10;10;100
parole;1;1;1
parseiru;17;16;272
parseria;14;11;154
parsialmente;2;2;4
parsiál;2;1;2
parséria;1;1;1
parte;223;174;38802
parteira;2;1;2
parteria;1;1;1
partidarizadu;1;1;1
partidu;15;11;165
partikularmente;2;2;4
partilla;9;8;72
partisipa;72;56;4032
partisipante;4;2;8
partisipasaun;16;14;224
partisipativu;1;1;1
partu;2;2;4
partus;1;1;1
parókia;10;4;40
pasa;19;12;228
pasadu;11;6;66
pasajeiru;22;12;264
pasajen;3;2;6
pasiente;72;44;3168
pasifiku;1;1;1
pasta;2;2;4
pasu;2;2;4
pasénsia;2;2;4
pasífika;1;1;1
pasífiku;1;1;1
patraun;7;1;7
patria;1;1;1
patrimóniu;5;3;15
patrocino;1;1;1
patrulamentu;1;1;1
patrulla;1;1;1
patrullamentu;23;18;414
patty;2;1;2
paul;1;1;1
paulino;1;1;1
paulo;7;6;42
pavillaun;4;2;8
pax;2;1;2
paz;4;3;12
país;11;5;55
países;1;1;1
paíz;2;2;4
pcr;2;2;4
pdf;1;1;1
pdhj;12;3;36
pdp-laban;2;1;2
peace;2;2;4
pedasuk;2;1;2
pedidu;39;23;897
pedra;2;1;2
pedreiru;1;1;1
pedro;17;11;187
pedófilu;1;1;1
pef;1;1;1
pekuária;1;1;1
pekín;1;1;1
pelo;1;1;1
peloi;2;1;2
pelu;4;3;12
pelu-menus;2;2;4
pelumenus;7;6;42
pena;4;2;8
penakut;1;1;1
penalidade;2;1;2
penalizasaun;1;1;1
peneira;6;3;18
pengesahan;1;1;1
pengesahan’;1;1;1
pensamentu;2;2;4
pensaun;1;1;1
pensionalista;2;1;2
penu;1;1;1
penál;2;2;4
peregrinasaun;1;1;1
pereira;18;17;306
perfurasaun;18;6;108
perfíl;1;1;1
pergunta;2;2;4
periera;1;1;1
perigozu;7;4;28
perigu;2;2;4
periodu;1;1;1
periódika;1;1;1
perkash;1;1;1
perkursu;2;1;2
permanente;10;9;90
permite;19;16;304
persaudaraan;3;3;9
persentajen;5;2;10
persentanjen;1;1;1
persiste;1;1;1
persisténsia;1;1;1
perspetiva;1;1;1
persuasaun;1;1;1
pertense;4;3;12
perturba;1;1;1
perumnas;1;1;1
perímetru;1;1;1
períodiu;1;1;1
períodu;34;29;986
peska;14;13;182
peskadór;11;6;66
peskas;3;2;6
peskiza;3;3;9
pesoalmente;1;1;1
pesoál;29;19;551
peter;13;4;52
petrolífera;3;2;6
petropavlovsk;1;1;1
petróleu;1;1;1
pezár;1;1;1
peñasku;2;1;2
pfize-biontech;1;1;1
pfizer;22;8;176
phase;1;1;1
phase’;1;1;1
philip;2;2;4
pierre;1;1;1
pilotu;1;1;1
pilár;1;1;1
pimenta;1;1;1
pinto;7;5;35
pintura;3;1;3
pintura’;1;1;1
pior;1;1;1
pires;28;22;616
pista;2;2;4
pitl;1;1;1
pixina;3;1;3
piór;5;5;25
pjr;3;1;3
plaka;1;1;1
plan;3;2;6
planeamentu;2;2;4
planeia;12;12;144
planeta;1;1;1
plantasaun;1;1;1
planu;69;48;3312
plastik;1;1;1
plataforma;4;1;4
player;1;1;1
plenária;5;4;20
plp;2;2;4
plus;8;1;8
plástiku;11;2;22
plátiku;1;1;1
pm;39;18;702
pn;22;11;242
pnds;14;6;84
pnsik;2;2;4
pntl;161;63;10143
poc;5;2;10
podcast;1;1;1
podér;5;5;25
pograma;1;1;1
pohon;2;2;4
pois;2;2;4
police;1;1;1
polisia;5;5;25
polisiamentu;1;1;1
politika;2;2;4
politiku;2;1;2
politizadu;1;1;1
politécnico;1;1;1
politékniku;2;2;4
polo;1;1;1
polri;5;1;5
polu;1;1;1
poluisaun;1;1;1
polándia;3;2;6
polísia;147;78;11466
polítika;21;18;378
polítiku;10;9;90
pomada;1;1;1
ponte;37;14;518
ponto;1;1;1
ponto-de-vista;1;1;1
pontu;27;23;621
popular;1;1;1
populasaun;107;69;7383
populsaun;1;1;1
populár;5;5;25
por-mais-que;1;1;1
por-volta-de;1;1;1
pornográfika;1;1;1
porta-vóz;14;11;154
portal;2;1;2
portaun;1;1;1
portu;12;4;48
portugal;1;1;1
portugeza;2;2;4
portuguesa;1;1;1
portugál;23;8;184
portugés;71;65;4615
portuátria;1;1;1
portátil;1;1;1
pose;3;2;6
posibilidade;16;12;192
positivu;1;1;1
posivel;2;2;4
posivelmente;1;1;1
posse;7;5;35
poster;3;2;6
postu;71;38;2698
postu-;1;1;1
postu-administrativu;116;98;11368
postu-administratívu;1;1;1
postu-adminsitrativu;2;2;4
posível;3;3;9
potensial;1;1;1
potensialidade;1;1;1
potensialmente;2;2;4
potensiál;3;3;9
poténsia;9;7;63
pou;1;1;1
povu;71;54;3834
pozisaun;11;9;99
pozitivu;43;28;1204
ppn;16;5;80
ppo;1;1;1
ppp;2;1;2
pr;83;31;2573
prakash;1;1;1
pratika;3;3;9
prayut;1;1;1
prazu;7;4;28
prediksaun;2;2;4
preende;1;1;1
prefere;2;2;4
preferensialmente;1;1;1
prega;1;1;1
prego;1;1;1
pregu;1;1;1
prejudika;1;1;1
prejudikasaun;1;1;1
premiadu;2;1;2
premier;3;2;6
prende;15;8;120
preokupa;19;15;285
preokupadu;1;1;1
preokupasaun;29;23;667
preokupasun;1;1;1
prepara;59;44;2596
prepara-an;6;5;30
preparadu;8;6;48
preparasaun;23;16;368
preparatório;1;1;1
preparatóriu;1;1;1
presaun;7;5;35
presija;2;2;4
presiza;114;89;10146
presizamente;1;1;1
press;1;1;1
pressure;1;1;1
presta;4;3;12
prestasaun;9;7;63
presu;15;5;75
pretende;2;1;2
prevalese;1;1;1
preve;1;1;1
prevene;24;23;552
prevene-an;4;4;16
prevensaun;44;34;1496
prevent;1;1;1
preventiva;4;4;16
preventive;1;1;1
previléjiu;1;1;1
previstu;3;3;9
previzaun;8;6;48
prevé;9;9;81
prezensa;20;16;320
prezensiál;33;14;462
prezente;2;1;2
prezerva;4;2;8
prezide;2;2;4
prezidensiál;56;45;2520
prezidente;280;157;43960
prezidnte;1;1;1
prezidénsia;18;15;270
prezidénsial;1;1;1
price;2;1;2
prienxe;1;1;1
prijaun;1;1;1
primeira;6;5;30
primeira-ministra;4;4;16
primeira-véz;1;1;1
primeiro;2;1;2
primeiru;18;17;306
primeiru-lugár;1;1;1
primeiru-minisru;1;1;1
primeiru-ministru;113;72;8136
primeiru-minitru;1;1;1
primeru-ministru;3;2;6
primária;2;1;2
prinsipalmente;2;2;4
prinsipál;8;8;64
prinsípiu;5;4;20
prioridade;18;15;270
prioritiza;4;4;16
privada;5;4;20
privadu;19;16;304
priviléjiu;1;1;1
prizaun;15;6;90
prizioneiru;16;4;64
prizionál;19;6;114
pro;1;1;1
pro-ativu;1;1;1
proativu;1;1;1
probavelmente;1;1;1
problema;71;48;3408
produsaun;10;7;70
produtiva;1;1;1
produtividade;1;1;1
produtivu;6;5;30
produtu;51;22;1122
produtus;1;1;1
produtór;4;3;12
prodúz;25;17;425
prof;1;1;1
profesionál;1;1;1
profesora;1;1;1
professores;1;1;1
profesór;12;7;84
profilátiku;1;1;1
profisaun;1;1;1
profisionalidade;1;1;1
profisionalizasaun;1;1;1
profisionalizmu;3;3;9
profisionál;43;32;1376
profissional;1;1;1
profunda;5;4;20
profundamente;1;1;1
profundu;2;2;4
program;5;5;25
programa;119;73;8687
programadu;1;1;1
programasaun;1;1;1
programme;1;1;1
progresu;16;11;176
proibidu;1;1;1
proibisaun;6;6;36
project;1;1;1
projesaun;1;1;1
projeta;1;1;1
projetu;126;54;6804
proklamasaun;1;1;1
prokupa;1;1;1
prokuradoria-jerál;1;1;1
prokuradór;3;1;3
promesa;3;3;9
promete;7;6;42
promosaun;4;4;16
promote;2;2;4
promove;27;21;567
promulga;12;10;120
promulgasaun;1;1;1
prontidaun;2;2;4
pronto;2;2;4
prontu;17;16;272
propaganda;2;2;4
propagasaun;10;10;100
propinas;20;7;140
propoin;12;8;96
proporsaun;3;3;9
proporsionál;1;1;1
proposta;23;16;368
propriedade;6;5;30
propriedades;1;1;1
propriu;1;1;1
prosedimentu;2;2;4
prosedur;2;2;4
prosesa;18;17;306
prosesu;102;73;7446
prosesuál;1;1;1
prostituisaun;4;1;4
protagonista;2;1;2
protection;1;1;1
proteje;13;13;169
proteje-an;4;3;12
protesaun;27;19;513
protesta;1;1;1
protetór;2;2;4
protokolu;13;11;143
prova;1;1;1
provadu;1;1;1
provavelmente;1;1;1
provedoria;3;3;9
provizoriamente;8;8;64
provizóriu;10;8;80
provoka;3;2;6
provokativu;5;4;20
provínsia;10;8;80
prátika;8;8;64
pré-kondisaun;1;1;1
pré-sekundária;6;3;18
prémiu;11;6;66
prínsipe;1;1;1
própria;1;1;1
própriu;4;4;16
psg;9;1;9
psht;6;4;24
psiko-téknika;1;1;1
psikofíziku;1;1;1
psikolójiku;2;2;4
psikosomátiku;1;1;1
psikososiál;1;1;1
psikólogu;1;1;1
pubilka;1;1;1
publika;11;11;121
publikasaun;2;2;4
publiku;1;1;1
pulmaun;1;1;1
pulsa;28;8;224
pur;3;3;9
pur-volta;1;1;1
pursentu;22;13;286
purtantu;1;1;1
puscam;1;1;1
putera;1;1;1
pájina;1;1;1
pániku;2;2;4
pár;1;1;1
pároku;1;1;1
pásabe;6;1;6
páskua;3;2;6
pátria;9;6;54
pátria’;1;1;1
páz;6;4;24
péritu;3;3;9
púbika;1;1;1
públika;75;59;4425
públikas;3;2;6
públiku;130;78;10140
públiku-privada;1;1;1
públiku’;1;1;1
q;1;1;1
qm;5;1;5
quint;1;1;1
r;4;2;8
ra;1;1;1
raan;3;1;3
rabat;3;1;3
raeoa;43;20;860
raeoa-zeesm;2;1;2
raes;1;1;1
rahun;3;3;9
rai;51;38;1938
rai-fatuk;2;1;2
rai-henek;17;5;85
rai-hun;1;1;1
rai-hún;1;1;1
rai-ketan;3;3;9
rai-kotu;1;1;1
rai-lakan;1;1;1
rai-laran;13;13;169
rai-liur;1;1;1
rai-li’ur;11;7;77
rai-maran;13;3;39
rai-rahun;2;1;2
raifun;1;1;1
railaku;8;5;40
raimea;1;1;1
rain;12;11;132
rainier;2;1;2
rairobo;3;1;3
raiña;1;1;1
rajada;4;3;12
rajadas;3;2;6
rakom;2;1;2
rala;10;9;90
rama-ambon;1;1;1
ramata;2;2;4
rame;1;1;1
ramelau;2;2;4
ramesh;1;1;1
ramos;5;3;15
ramos-horta;15;7;105
ran-midar;1;1;1
ransu;1;1;1
ranting;1;1;1
rasa;1;1;1
rasik;80;60;4800
rasik-an;8;7;56
rasik-an’;4;2;8
rasik’;1;1;1
rasin;2;2;4
rasionalizasaun;1;1;1
rate;6;3;18
ratifika;5;1;5
ratifikasaun;1;1;1
ratifikativu;1;1;1
ray-ban;1;1;1
razaun;36;27;972
razoável;1;1;1
rdtl;5;4;20
re-dezenvolvimentu;3;1;3
re-entry;3;2;6
re-integra;1;1;1
re-submete;1;1;1
re-verifika;1;1;1
re-verifikasaun;2;1;2
reabilita;2;2;4
reabilitasaun;10;6;60
reafirma;3;3;9
real;5;4;20
realidade;8;7;56
realiza;102;74;7548
realizasaun;3;3;9
realmente;1;1;1
realsa;6;6;36
reasaun;2;2;4
reativa;14;9;126
reativasaun;1;1;1
reazaun;1;1;1
redasaun;1;1;1
rede;11;7;77
redepozita;1;1;1
redezeña;1;1;1
redusaun;3;3;9
redús;1;1;1
redúz;10;9;90
reembolsa;1;1;1
reembolsu;1;1;1
reenfatiza;1;1;1
reestrutura;1;1;1
reestruturasaun;3;1;3
refeisaun;1;1;1
refere;300;229;68700
referendu;1;1;1
referral;1;1;1
referál;2;2;4
referénsia;5;5;25
refetóriu;2;1;2
refleksaun;1;1;1
reflesaun;7;5;35
reflete;4;3;12
reforsa;8;8;64
reforsu;1;1;1
refrijerasaun;1;1;1
refujia;1;1;1
refujiadu;6;2;12
rega;3;3;9
rego;3;3;9
regra;50;32;1600
regras;1;1;1
regrizerasaun;1;1;1
regula;2;2;4
reguladora;1;1;1
regulamentu;7;6;42
regulár;2;2;4
reino;1;1;1
reinsersaun;1;1;1
reinu;8;6;48
reis;40;37;1480
reitoria;2;1;2
reitór;32;15;480
rejiaun;27;19;513
rejigna-an;1;1;1
rejime;18;6;108
rejionál;5;4;20
rejista;63;42;2646
rejista-an;1;1;1
rejistadu;1;1;1
rejistu;6;4;24
rejisténsia;1;1;1
rekadu;1;1;1
rekandidata;1;1;1
rekandidata-an;1;1;1
rekandidatura;1;1;1
rekejitu;1;1;1
rekezitu;4;3;12
reklama;4;2;8
reklamadu;1;1;1
reklamante;2;1;2
reklamasaun;3;3;9
rekluzu’;1;1;1
rekolla;10;7;70
rekomenda;22;20;440
rekomendadu;1;1;1
rekomendasaun;16;15;240
rekonsiliasaun;3;2;6
rekonstrui;2;2;4
rekonstrusaun;7;5;35
rekoperasaun;1;1;1
rekoñese;12;10;120
rekoñesidu;1;1;1
rekoñesimentu;4;3;12
rekreativu;1;1;1
rekruta;4;4;16
rekrutamentu;35;11;385
rekupera;9;8;72
rekuperadu;24;23;552
rekuperasaun;9;7;63
rekursu;25;13;325
rekursus;1;1;1
rekuza;1;1;1
relasaun;13;12;156
relasiona;71;66;4686
relasional;1;1;1
relata;118;71;8378
relativa;1;1;1
relatóriu;7;6;42
release;1;1;1
relevante;11;11;121
relief;1;1;1
religiosas;1;1;1
relijioza;6;4;24
relijiozu;3;3;9
remata;60;55;3300
remedios;1;1;1
remexiu;1;1;1
remota;2;2;4
remunerasaun;6;2;12
remuneratóriu;14;5;70
renbor;3;1;3
rencana;1;1;1
renda;4;1;4
rendimentu;18;12;216
renova;14;12;168
renovasaun;15;10;150
renánia-palatinadu;1;1;1
reparasaun;1;1;1
repetidu;1;1;1
repiratória;2;1;2
reporter;1;1;1
representante;1;1;1
reprezenta;20;16;320
reprezentante;39;29;1131
reprezentasaun;2;2;4
reprezentativu;1;1;1
repúblika;198;111;21978
reseita;12;5;60
resenseadu;3;1;3
resenseamentu;7;4;28
resensiamentu;1;1;1
resgate;1;1;1
resin;67;51;3417
resin-ida;1;1;1
resintu;9;9;81
resort;1;1;1
resources;5;2;10
respeita;15;11;165
respeita-an;2;2;4
respeitu;4;3;12
respirasaun;1;1;1
respiratoric;1;1;1
respiratória;4;3;12
respiratóriu;1;1;1
responde;18;17;306
responsabilidade;20;16;320
responsabiliza;8;7;56
responsável;8;6;48
resposta;11;11;121
restante;1;1;1
restaura;2;2;4
restaurante;2;1;2
restaurasaun;11;8;88
restrisaun;8;7;56
restu;1;1;1
retaining;1;1;1
retifikativu;6;5;30
retira;2;1;2
retoma;2;2;4
reunian;1;1;1
reuniaun;47;36;1692
reuters;1;1;1
revista;6;5;30
revizaun;2;2;4
revolucionário;3;3;9
rezidensiál;1;1;1
rezidente;3;2;6
rezidu;1;1;1
rezidénsia;7;7;49
rezigna-an;1;1;1
rezilénsia;1;1;1
rezime;1;1;1
rezisténsia;7;7;49
rezjista;1;1;1
rezolusaun;34;23;782
rezolva;1;1;1
rezolve;12;12;144
rezulta;18;14;252
rezultadu;48;39;1872
rezultadu-sira;1;1;1
rezumu;1;1;1
rezíduo;1;1;1
reál;12;5;60
re’i-malu;1;1;1
rhto;1;1;1
riak;7;3;21
riamori;5;1;5
ribeiro;5;5;25
rica;1;1;1
rice;1;1;1
rigorozu;1;1;1
rihun;31;20;620
rihun-atus-haat;1;1;1
rihun-atus-lima;1;1;1
rihun-ida-atus;2;2;4
rihun-rua-atus;1;1;1
riin;1;1;1
riku;1;1;1
rikusoin;2;2;4
ring;2;1;2
rinso;1;1;1
rio;1;1;1
risku;39;30;1170
ritabou-maliana;1;1;1
rituál;6;4;24
river;1;1;1
roads;1;1;1
roberto;1;1;1
roberts;10;4;40
roda;2;2;4
rodiviária;1;1;1
rodrigo;3;2;6
rodrigues;4;4;16
roger;1;1;1
rohan;6;6;36
roin;2;1;2
rokon;1;1;1
rolu;1;1;1
roma;2;2;4
romaldo;2;1;2
rona;41;37;1517
ronaldo;5;2;10
ronde;1;1;1
rosalina;1;1;1
rosalino;1;1;1
rosita;2;1;2
rosália;2;1;2
rosário;10;9;90
rota;2;1;2
rotasaun;1;1;1
roupa;3;2;6
route;4;1;4
royal;3;2;6
rt-pcr;1;1;1
rttl;9;2;18
rua;154;116;17864
rua-limanulu-resin;1;1;1
rua-nulu;1;1;1
rua-nulu-resin;2;1;2
ruak;70;63;4410
ruanulu;4;3;12
ruanulu-resin-sia;1;1;1
rugi;2;1;2
rui;25;20;500
ruin;3;3;9
ruma;88;63;5544
rumores;1;1;1
rumoris;7;4;28
rurál;30;16;480
rutina;2;2;4
rádiu;25;8;200
rápidamente;1;1;1
rápido;1;1;1
rápido’;1;1;1
rísku;1;1;1
ró;31;10;310
ró-ahi;6;2;12
ró-ahin;1;1;1
rúsia;5;3;15
s;8;6;48
sa'e;1;1;1
sabaun;3;3;9
sabeh;4;2;8
sabika;1;1;1
sabino;6;3;18
sabraka;1;1;1
sabuk;4;4;16
saburai;3;2;6
sabór;2;2;4
saddam;1;1;1
sadia;1;1;1
sae;1;1;1
sagaing;3;1;3
sagrada;1;1;1
sagrado;2;2;4
sagran;2;2;4
sagu;2;2;4
sahat;1;1;1
sahib;1;1;1
sai;184;128;23552
saida;38;32;1216
saint-germain;1;1;1
sajid;1;1;1
saka;1;1;1
sakato;2;2;4
sakola;1;1;1
sakramentu;1;1;1
sakrifika-an;1;1;1
sakrifísiu;4;2;8
saku;3;3;9
sala;35;28;980
salak;1;1;1
salariál;5;2;10
salaun;16;16;256
saldanha;11;9;99
salele;2;2;4
salele-wetaba;1;1;1
sales;1;1;1
sali;2;1;2
salienta;12;11;132
saliente;1;1;1
salva;13;11;143
salvador;21;15;315
salvadór;2;2;4
salvasaun;3;3;9
saláriu;7;5;35
sama;2;1;2
same;49;34;1666
samea;1;1;1
sames;4;2;8
sampah;1;1;1
sampai;1;1;1
sampaio;15;4;60
samuel;9;5;45
sanak;1;1;1
sanan;1;1;1
sanan-rai;4;1;4
sancho;2;2;4
saneamentu;7;3;21
sanitaria;2;2;4
sanitizer;1;1;1
sanitária;62;43;2666
sansaun;4;4;16
santa;8;7;56
santa-krúz;6;5;30
santalum;3;1;3
santana;2;1;2
santo;2;2;4
santos;30;28;840
santu;13;2;26
sanulu;11;10;110
sanulu-resin-haat;3;3;9
sanulu-resin-neen;2;2;4
sanulu-resin-rua;1;1;1
sanulu-resin-tolu;1;1;1
sapa;2;2;4
sapatu;1;1;1
saraf;1;1;1
saramata;1;1;1
sarani;18;7;126
sardine;1;1;1
sarimah;3;1;3
saringa;1;1;1
sarjentu;3;2;6
sarmento;18;16;288
sars-cov-;6;5;30
sasan;3;3;9
sasin;1;1;1
sasán;68;41;2788
satan;1;1;1
satisfasaun;2;2;4
satisfáz;1;1;1
satria;1;1;1
saturnino;1;1;1
saudavel;2;2;4
saudavél;1;1;1
saude;1;1;1
saudita;1;1;1
saudozu;5;4;20
saudável;8;8;64
saun;1;1;1
sañu;4;1;4
saúde;301;145;43645
sa’e;36;24;864
schuld;1;1;1
score;11;4;44
sdb;1;1;1
se;6;6;36
sea;3;2;6
seakln;1;1;1
seasonal;1;1;1
sebasti;3;3;9
secoop;2;1;2
sedangkan;1;1;1
sedauk;1;1;1
sede;3;3;9
sedu;10;8;80
sees;1;1;1
sees-an;1;1;1
sees-malu;1;1;1
sefope;40;14;560
sefope-dnee;1;1;1
segredu;1;1;1
segunda;50;47;2350
segunda-feira;1;1;1
segundu;15;13;195
segura;1;1;1
seguransa;61;46;2806
seguru;15;13;195
sei;621;311;193131
seidauk;139;83;11537
seii;7;4;28
sein;15;12;180
sejd;29;10;290
sek;2;1;2
seka;1;1;1
sekoms;29;14;406
sekoop;2;1;2
sekreta;4;2;8
sekretaria;26;24;624
sekretariadu;5;5;25
sekretária;6;4;24
sekretáriu;48;40;1920
sekrétariu;1;1;1
seksaun;3;2;6
seksu;2;1;2
seksuál;3;2;6
sekundária;15;9;135
sekundáriu;8;5;40
sela;2;2;4
selae;7;7;49
selebra;15;15;225
selebrasaun;20;16;320
selesaun;13;11;143
selesiona;5;5;25
selesionadu;1;1;1
seloi;2;1;2
selu;41;18;738
selu-seluk;1;1;1
seluk;248;186;46128
semana;39;33;1287
semanalmente;1;1;1
semanál;1;1;1
semente;1;1;1
semeste;1;1;1
semestre;7;3;21
semi-prezidensiál;1;1;1
semináriu;3;2;6
semitériu;8;5;40
semo;3;3;9
sempre;21;17;357
senbilizasaun;1;1;1
sendzimir;2;1;2
senhora;4;3;12
seniór;2;2;4
sensibiliza;1;1;1
sensibilizasaun;8;7;56
sensitivu;1;1;1
sensível;1;1;1
sentavu;5;4;20
sente;57;42;2394
sentidu;3;3;9
sentimentu;7;7;49
sentinela;1;1;1
sentral;1;1;1
sentru;120;88;10560
sentrál;27;26;702
senáriu;3;1;3
seoul;1;1;1
seps;12;6;72
septimúnsia;1;1;1
sequence;1;1;1
serafin;1;1;1
serbísu;1;1;1
seremónia;1;1;1
sergala;1;1;1
sergio;2;1;2
seriedade;2;2;4
serimónia;70;51;3570
serjentu;1;1;1
serka;60;40;2400
seroja;3;3;9
sertamente;1;1;1
serteza;1;1;1
sertifika;3;2;6
sertifikadu;10;8;80
serve;6;3;18
servi;2;2;4
service;1;1;1
services;1;1;1
servisu;230;134;30820
servisu-na’in;1;1;1
servisus;1;1;1
serví;8;7;56
servísu;2;2;4
sesante;5;3;15
sesaun;8;6;48
sesta;29;13;377
sesta-feira;2;2;4
setembro;5;4;20
setembru;159;118;18762
setia;3;3;9
setp;3;1;3
setór;20;14;280
sexta;26;24;624
sexta-feira;1;1;1
sexto;1;1;1
sexu;18;13;234
sexuál;4;2;8
señor;4;3;12
señoura;1;1;1
señór;1;1;1
sfp;1;1;1
shame’;1;1;1
shangai;1;1;1
shareef;1;1;1
shaw;1;1;1
shechah;3;1;3
shinya;1;1;1
shipyards;1;1;1
shoot;2;1;2
shwe;1;1;1
sia;2;2;4
sianulu;1;1;1
sibuk;1;1;1
sidadaun;110;65;7150
sidade;22;16;352
sidadun;1;1;1
sidney;1;1;1
sientífika;1;1;1
sigaru;3;3;9
sigla;88;83;7304
signi;4;2;8
signifika;9;8;72
signifikadu;1;1;1
signifikativu;1;1;1
siin;1;1;1
sijk;83;35;2905
siklone;3;3;9
siklu;2;2;4
sikn;1;1;1
silat;1;1;1
silva;37;32;1184
silvertand;1;1;1
sim;3;3;9
simbolikamente;2;2;4
simboliza;1;1;1
simbólika;1;1;1
simbólikamente;1;1;1
simente;4;3;12
similár;1;1;1
simpatizante;1;1;1
simples;1;1;1
simpóziu;2;1;2
simu;238;121;28798
sindroma;1;1;1
singapura;1;1;1
singla;1;1;1
sinop;1;1;1
sinovac;20;12;240
sinovax;3;1;3
sintoma;14;8;112
sintomátiku;8;8;64
sintu;9;7;63
sinál;3;2;6
sir;2;2;4
sira;1950;524;1021800
sira-nia;229;157;35953
sira-nian;2;2;4
sira’;1;1;1
sirkula;7;6;42
sirkulasaun;25;21;525
sirkulár;1;1;1
sirkunskrisaun;9;9;81
sirkunstánsia;2;1;2
sistema;42;31;1302
sita;4;4;16
sitorus;1;1;1
situada;1;1;1
situasaun;97;85;8245
situsaun;1;1;1
sivil;1;1;1
sivilizadu;2;2;4
sivilizasaun;1;1;1
sivíl;26;19;494
siénsia;35;24;840
sj;1;1;1
sjmv;1;1;1
skill;1;1;1
sky;2;2;4
slop;1;1;1
sman;2;1;2
soares;37;35;1295
sobabere;1;1;1
soberania;3;3;9
sobrevive;2;2;4
sobrevivente;14;6;84
sobrevivénsia;1;1;1
sobu;12;5;60
soe;30;15;450
soekili;5;1;5
sofre;4;4;16
sofrimentu;1;1;1
sohin;1;1;1
soilo;1;1;1
soke;3;2;6
sokoru;1;1;1
soldade;1;1;1
soldadu;3;1;3
soldadura;1;1;1
solene;1;1;1
solidariedade;14;11;154
soliedariedade;1;1;1
solisita;1;1;1
solusaun;22;14;308
solusiona;6;6;36
soma;1;1;1
sona;4;3;12
sor;1;1;1
sorin;7;6;42
sorte’;1;1;1
sorumutuk;22;18;396
soru’;1;1;1
sosa;55;34;1870
sosializa;1;1;1
sosializasaun;8;5;40
sosiedade;13;10;130
sosiál;69;48;3312
soumaya;1;1;1
soundmoji;4;1;4
sousa;6;6;36
sp;1;1;1
spa;1;1;1
space;6;1;6
speaker;1;1;1
sport;1;1;1
sporting;1;1;1
sprizzi;7;3;21
sputnik;1;1;1
squad;1;1;1
sr;10;6;60
sra;2;1;2
sraa;1;1;1
srag;2;1;2
srp;2;2;4
ss;16;9;144
ss-sijk;4;4;16
ssm-likisá;1;1;1
stadio;1;1;1
stadium;1;1;1
stae;10;3;30
staff;5;4;20
stahl;7;2;14
standard;1;1;1
station;1;1;1
stock;1;1;1
stories;1;1;1
streaming;2;1;2
stroke;7;6;42
stroke’;1;1;1
stvj;1;1;1
sua;8;7;56
suai;14;10;140
suai-loro;3;1;3
suai-vila;1;1;1
suar;2;2;4
sub;1;1;1
sub-nutrisaun;1;1;1
sub-programa;1;1;1
sub-rejiaun;1;1;1
sub-rejionál;1;1;1
subar;2;2;4
subiska;1;1;1
subliña;5;5;25
submarinu;3;1;3
submariñu;2;2;4
submete;14;13;182
submisaun;1;1;1
subramaniam;1;1;1
subsidiáriu;2;1;2
subsisténsia;1;1;1
substitui;2;2;4
substáncia;1;1;1
substánsia;1;1;1
subsídiu;41;13;533
subsísiu;1;1;1
subvensaun;1;1;1
sudeste;7;6;42
sudoeste;1;1;1
sufisiente;25;21;525
suga;1;1;1
suisídiu;1;1;1
sujere;6;6;36
sujestaun;2;2;4
sukat;2;1;2
sukoru;1;1;1
sukses;1;1;1
suku;246;118;29028
sukursal;1;1;1
suli;4;4;16
sulin;2;1;2
sumatera;1;1;1
sun;1;1;1
sunil;2;2;4
sunu;18;11;198
super;1;1;1
superientendente;3;3;9
superintendente;11;11;121
superintendenteantónio;1;1;1
superintendenteeuclides;1;1;1
superintendenteluis;1;1;1
superintendentepolísia;2;2;4
superintendentexefe;10;10;100
superior;3;2;6
superiór;61;32;1952
supermerkadu;2;2;4
supermie;1;1;1
supervizaun;1;1;1
supervizór;1;1;1
suplementu;10;5;50
suport;1;1;1
suporta;13;13;169
supremu;1;1;1
sura;8;5;40
surtu;8;8;64
suru;5;2;10
survey;4;3;12
surya;2;2;4
susar;22;17;374
susesu;24;16;384
susetível;1;1;1
suspeita;1;1;1
suspeitu;6;4;24
suspende;14;11;154
suspensaun;9;7;63
sustenta;18;13;234
sustentabilidade;4;4;16
sustentasaun;1;1;1
sustentavel;2;2;4
sustentável;6;6;36
susu;2;1;2
susuben;2;1;2
susuk;2;1;2
sutomo;2;1;2
sutu;2;1;2
suvizka;1;1;1
suésia;1;1;1
suísa;1;1;1
svd;2;1;2
swab;17;9;153
swaminathan;2;1;2
swap;2;1;2
swp;1;1;1
sá;2;2;4
sábadu;17;16;272
sé;75;58;4350
sér;1;1;1
séria;1;1;1
sériu;6;6;36
sé’;1;1;1
sígla;1;1;1
símbolu;2;2;4
símu;1;1;1
sítiu;7;3;21
sívika;2;2;4
sívita;2;2;4
só;8;7;56
sólidu;1;1;1
sósiu-ekon;1;1;1
súl;46;14;644
tabaku;12;3;36
tabela;3;3;9
tabolo;1;1;1
taekwondo;3;1;3
tafara;1;1;1
tahan;4;2;8
taibesi;19;8;152
tailándia;9;5;45
tais;11;3;33
taka;26;21;546
taksi;1;1;1
taktikál;1;1;1
talas;1;1;1
talentu;4;3;12
tali;3;3;9
taliban;5;1;5
talo;2;1;2
tama;98;77;7546
tama-sai;6;6;36
tamba;1;1;1
tamio;1;1;1
tan;14;12;168
tanba;645;360;232200
tanbá;1;1;1
tane;4;3;12
tanga;1;1;1
tanggung;1;1;1
tani;1;1;1
tanis;5;3;15
tanke;8;4;32
tantu;8;8;64
tapo;2;2;4
tara-an;6;2;12
tara-bandu;4;1;4
tarde;9;6;54
tarefa;2;2;4
tarjetu;6;5;30
tarotu;1;1;1
tarutu;2;2;4
tasak;1;1;1
tasi;19;15;285
tasi-been;4;1;4
tasi-feto;1;1;1
tasi-ibun;4;4;16
tasi-klaran;3;2;6
tasi-laran;1;1;1
tasi-leten;1;1;1
tasi-mane;1;1;1
tasi-tolu;9;7;63
task;1;1;1
task-force;1;1;1
tata;1;1;1
tatoli;1;1;1
tau;50;38;1900
tau-matan;26;21;546
tauk;1;1;1
taur;95;63;5985
tavares;2;2;4
taxa;25;11;275
taxi;1;1;1
tayyip;1;1;1
ta’es;1;1;1
ta’uk;7;5;35
tb;11;2;22
tb’;1;1;1
td;3;1;3
tdc;1;1;1
tdd;1;1;1
team;1;1;1
teb-tebes;6;6;36
tebe-tebe;1;1;1
tebe-tebes;3;3;9
tebes;110;86;9460
tebetebes;4;4;16
technical;1;1;1
technology;3;3;9
techradar;1;1;1
tedros;1;1;1
teixeira;1;1;1
teknolojia;18;12;216
teknolójiku;1;1;1
telam;2;1;2
telefone;35;28;980
telefónika;1;1;1
telekom;3;2;6
telekomunikasaun;4;4;16
telemor;1;1;1
telemóvel;8;6;48
televizaun;6;5;30
telisik;1;1;1
telkomsel;1;1;1
tema;7;7;49
temi;47;42;1974
temperatura;2;2;4
temporáriu;6;5;30
tempu;117;81;9477
tende;1;1;1
tender;5;3;15
tenderizasaun;7;7;49
tendénsia;6;4;24
tenente;11;7;77
tenente-jenerál;2;1;2
tenggara;2;2;4
tenik;5;5;25
tenke;220;139;30580
tenki;4;1;4
tensaun;4;4;16
tenta;14;11;154
tentara;1;1;1
tentativa;3;2;6
tentative;2;1;2
teologia;1;1;1
teoria;2;2;4
terapéutiku;2;2;4
terate;3;3;9
terenu;17;14;238
tereste;1;1;1
terestra;1;1;1
terestre;24;21;504
teritoriu;1;1;1
teritoriál;2;1;2
teritóriu;44;36;1584
terjadi;1;1;1
terlambat;1;1;1
termina;5;5;25
terminolojia;4;1;4
terminál;2;2;4
termu;4;4;16
terra;1;1;1
terras;4;3;12
terrenu;1;1;1
tersa;30;29;870
tersa-feira;1;1;1
terseira;2;1;2
terseiru;2;2;4
tersiária;2;1;2
tertuliano;1;1;1
terus;9;5;45
terível;2;2;4
tesi;2;2;4
tesidu;1;1;1
test;9;3;27
testamuña;1;1;1
teste;38;26;988
testemuña;1;1;1
tetu;4;4;16
tetún;1;1;1
te’in;2;2;4
thal;2;2;4
the;8;6;48
three;1;1;1
thresehold;1;1;1
tiago;1;1;1
tibar;6;4;24
tiga;1;1;1
tiha;210;156;32760
tilapia;2;1;2
tilman;2;2;4
tilomar;6;3;18
tilun;1;1;1
timor;216;173;37368
timor-lerste;1;1;1
timor-leste;627;312;195624
timor-oan;2;1;2
timorense;3;1;3
timornews;3;3;9
timoroan;79;58;4582
timorrense;1;1;1
timur;15;10;150
timór;13;11;143
tina;1;1;1
tinan;331;188;62228
tinan-tinan;4;3;12
tino’;1;1;1
tipu;34;21;714
tiru;3;2;6
tiru-malu;2;1;2
tissue;1;1;1
tjahjanto;2;1;2
tl;4;4;16
tlpdp;6;3;18
tni;2;2;4
to'o;7;7;49
toba;8;6;48
tobias;1;1;1
todan;4;4;16
toga;1;1;1
tohar;9;2;18
tohu;1;1;1
toko;1;1;1
tokyo;5;4;20
tolera;4;3;12
toleránsia;1;1;1
tolu;59;48;2832
tolu-nulu-resin;1;1;1
tolunulu;11;9;99
tom;5;3;15
toma;7;7;49
tomak;73;63;4599
tomas;2;1;2
tomé;1;1;1
tonelada;2;1;2
tony;2;1;2
too;1;1;1
top;1;1;1
tor;4;1;4
tore;1;1;1
tore-kontrolu;1;1;1
torneira;1;1;1
torrez;3;2;6
total;1;1;1
totalmente;3;3;9
totál;115;82;9430
totál’;1;1;1
tour;1;1;1
tourism;1;1;1
to’o;327;217;70959
to’ok;3;3;9
to’os;9;7;63
to’os-na;13;5;65
traballadór;45;16;720
traballu;13;9;117
trackless;2;2;4
tractor;1;1;1
trade;2;2;4
tradisaun;2;2;4
tradisionál;4;4;16
trafford;1;1;1
trafikante;1;1;1
traidór;1;1;1
train;2;2;4
traisaun;4;2;8
traktór;2;1;2
tranfere;1;1;1
tranferénsia;1;1;1
transaksaun;1;1;1
transfere;7;5;35
transferénsia;11;6;66
transforma;4;3;12
transformasaun;1;1;1
transformativu;1;1;1
tranship;5;2;10
transit;1;1;1
transmisaun;27;25;675
transmite;4;4;16
transparante;2;1;2
transparensia;1;1;1
transporta;10;8;80
transportasaun;1;1;1
transporte;57;29;1653
transzisaun;1;1;1
tranzasaun;8;5;40
tranzita;1;1;1
trasa;3;2;6
traship;1;1;1
trata;6;6;36
tratamentu;40;25;1000
tratór;7;1;7
trauma;2;1;2
trava;2;1;2
travel;1;1;1
treina;2;1;2
treinadór;1;1;1
treinamentu;11;4;44
treinu;2;2;4
trends;1;1;1
tribunál;14;9;126
trilaterál;1;1;1
trilla;5;2;10
trimeste;1;1;1
trimestralmente;1;1;1
trimestre;1;1;1
trindade;1;1;1
trinito;3;2;6
trinitos;1;1;1
triste;11;6;66
tristeza;1;1;1
troféu;2;2;4
troka;18;15;270
tropikál;1;1;1
truckbox;2;1;2
tráfegu;1;1;1
tráfiku;10;4;40
tránzitu;20;5;100
tua;6;3;18
tuan;9;6;54
tuberkuloze;6;2;12
tuda;6;3;18
tudik;1;1;1
tui-tuir;1;1;1
tuir;303;210;63630
tuituir;2;2;4
tuku;48;34;1632
tula;21;11;231
tulaika;1;1;1
tulun;27;25;675
tumor;5;1;5
tun;1;1;1
tunubibi;4;4;16
turiskai;14;10;140
turismo;3;3;9
turista;14;9;126
turizmu;39;23;897
turnu;2;2;4
turístika;2;2;4
turístiku;14;8;112
tutan;3;3;9
tutela;4;3;12
tutuala;1;1;1
tutuluru;8;3;24
tutun;2;1;2
tututluro;1;1;1
tve;1;1;1
tvri;1;1;1
twitter;1;1;1
tán;248;191;47368
táxi;1;1;1
téknika;12;11;132
tékniku;45;31;1395
tékniku-vokasional;1;1;1
tétun;3;3;9
títulu;3;3;9
tópiku;1;1;1
tún;28;22;616
tún-sa;2;2;4
túr;15;11;165
túr-ahi;4;2;8
túr-ahin;1;1;1
túrkia;8;3;24
uailili;4;1;4
uaisaraké;2;1;2
ualu;9;9;81
ualu-nulu;1;1;1
uaruana;1;1;1
uatukarbau;2;1;2
uca;1;1;1
uct’;1;1;1
udan;46;23;1058
udan-boot;1;1;1
ue;9;3;27
uefa;1;1;1
uep;9;5;45
ugas;1;1;1
uiaun;1;1;1
uitoan;20;19;380
uitoan-uitoan;2;1;2
uituan;1;1;1
uk;1;1;1
ukae;1;1;1
ukl;6;2;12
ukun;17;13;221
ukun-an;7;5;35
ukun-na’in;1;1;1
ular;1;1;1
ultrabaixa;1;1;1
ultrapasa;8;8;64
ultrapassa;1;1;1
uluk;47;38;1786
ulun;6;5;30
uma;147;65;9555
uma';1;1;1
uma-kaduak;3;1;3
uma-kain;28;21;588
uma-laran;17;14;238
uma-luli;3;2;6
uma-mahon;1;1;1
uma-tolu;2;2;4
umana;1;1;1
umanidade;1;1;1
umanitária;15;12;180
umanitáriu;5;4;20
umanizmu;1;1;1
umanu;31;22;682
unanimidade;1;1;1
understanding;2;2;4
undil;1;1;1
undp;7;3;21
unesco;1;1;1
unesco-tl;1;1;1
uniaun;5;3;15
unicef;3;3;9
unidade;55;31;1705
unidas;1;1;1
unidu;12;10;120
unidus;27;19;513
uniforma;2;1;2
uniforme;11;5;55
union;1;1;1
unip;4;3;12
unipesoal;1;1;1
unipessoal;3;2;6
unipessoál;1;1;1
unital;6;2;12
unital’;1;1;1
united;10;4;40
universidade;52;33;1716
university;1;1;1
universitáriu;11;10;110
universál;1;1;1
unpaz;2;2;4
untaet;2;1;2
untl;77;25;1925
update;2;1;2
upf;50;15;750
upm;13;4;52
urbana;1;1;1
urbanizmu;6;3;18
urbanu;1;1;1
urgullu;1;1;1
urjente;7;6;42
urjénsia;1;1;1
urufú;2;1;2
uruguai;1;1;1
usaid;7;4;28
usaid’s;1;1;1
usitakeno;2;1;2
usitaqueno;1;1;1
usitasae;2;1;2
utilidade;1;1;1
utiliza;30;22;660
utilizadór;3;2;6
utilizasaun;5;4;20
utilíza;1;1;1
uut;1;1;1
uza;133;86;11438
uzu;3;3;9
v;6;4;24
vaga;4;2;8
vagas;2;2;4
valadares;6;6;36
valadores;1;1;1
valeta;4;3;12
validade;8;5;40
valor;1;1;1
valoriza;2;1;2
valoriza-an;2;1;2
valór;25;14;350
vanconcelos;1;1;1
vanila;1;1;1
variant;1;1;1
variante;64;27;1728
vasco;2;1;2
vasconcelos;10;8;80
vasina;322;87;28014
vasinadu;1;1;1
vasinasaun;90;57;5130
vatikanu;8;5;40
vatu-boro;1;1;1
vatu-vou;1;1;1
vatuvou;5;2;10
vegas;1;1;1
velocidade;1;1;1
velosidade;9;7;63
vemasse;1;1;1
ven;3;3;9
vendedora;1;1;1
vendedór;20;10;200
veneranda;1;1;1
vensedór;5;5;25
vensimentu;1;1;1
ventiladór;5;3;15
ventilasaun;2;1;2
ventura;1;1;1
vera-krúz;7;5;35
verba;1;1;1
verbu;1;1;1
verbál;1;1;1
verde;2;1;2
verdiál;2;1;2
verifier;3;1;3
verifika;6;5;30
verifikasaun;9;6;54
versaun;3;2;6
verza;1;1;1
verónica;4;1;4
veta;3;2;6
veteranu;60;19;1140
veteranus;1;1;1
vez;1;1;1
veíkulu;4;3;12
vi;1;1;1
via;29;29;841
viajante;4;4;16
viajen;24;15;360
viana;1;1;1
vianney;1;1;1
viasakra;3;1;3
viatura;10;3;30
vicente;3;1;3
victims’;1;1;1
vid;1;1;1
vida;16;14;224
vidal;4;3;12
video;1;1;1
vidru;1;1;1
viegas;1;1;1
vietname;3;3;9
view;2;2;4
vigora;16;16;256
vigáriu;2;2;4
vigór;7;6;42
viii;19;18;342
vijilánsia;3;3;9
vijénsia;1;1;1
vikeke;23;16;368
vila;10;10;100
vila-laran;1;1;1
vila-verde;9;9;81
villa;1;1;1
viola;7;5;35
violasaun;1;1;1
violentu;8;6;48
violénsia;23;8;184
vip;2;2;4
virgilio;6;3;18
virgílio;5;2;10
virtuál;3;2;6
virus;20;17;340
vise;79;47;3713
vise-ministra;2;1;2
vise-ministru;1;1;1
vise-reitór;4;3;12
vista;1;1;1
vistu;4;2;8
vital;1;1;1
vitima;2;2;4
vitor;1;1;1
vitál;2;1;2
vitória;3;1;3
viveiru;3;2;6
vizaun;3;2;6
vizilánsia;1;1;1
vizita;51;30;1530
vizitante;10;5;50
viziñu;12;11;132
viájen;1;1;1
vokasionál;2;2;4
volta;2;2;4
volume;2;2;4
voluntarizmu;1;1;1
voluntária;1;1;1
voluntáriu;7;6;42
vontade;10;9;90
vota;10;4;40
votante;4;2;8
votasaun;18;10;180
votasoins;1;1;1
vote;1;1;1
votu;24;17;408
vraagk;6;3;18
vraagq;3;1;3
vulnera;1;1;1
vulnerál;1;1;1
vulnerável;9;5;45
vulverável;1;1;1
válidu;3;3;9
vária;2;1;2
vídiu;9;6;54
vídiu-informativu;4;4;16
vírus;8;4;32
víse;1;1;1
vítima;59;31;1829
w;1;1;1
wa;1;1;1
wainhira;180;146;26280
waiuma;1;1;1
wales;1;1;1
wall;1;1;1
wanda;2;1;2
waniuma;1;1;1
watt;1;1;1
watuboro;2;1;2
wa’in;3;3;9
wba;1;1;1
website;3;2;6
wee;1;1;1
weibo;1;1;1
wembley;1;1;1
wenner;1;1;1
wfp;1;1;1
whatsapp;3;3;9
who;1;1;1
whole;1;1;1
widodo;2;1;2
wifi;3;1;3
wilfrida;2;1;2
windsor;1;1;1
wordometers;2;1;2
wordwish;1;1;1
work;3;2;6
worker;1;1;1
work’;1;1;1
world;2;2;4
worldfish;1;1;1
wright;1;1;1
www;4;4;16
x;9;2;18
xamada;2;2;4
xanana;25;10;250
xave;2;1;2
xavier;2;2;4
xefe;138;97;13386
xefia;5;1;5
xiao;1;1;1
xiaomi;1;1;1
ximene;1;1;1
ximenes;13;13;169
xina;19;10;190
xineza;3;3;9
xinés;1;1;1
xinéza;1;1;1
xinéza-timoroan;1;1;1
xiña;1;1;1
xumasu;1;1;1
xxiv;4;2;8
xína;7;5;35
yamaha;1;1;1
yangon;1;1;1
yordenis;1;1;1
yosep;1;1;1
yoshihide;1;1;1
youtube;2;2;4
youtuber;5;2;10
yu;1;1;1
z;1;1;1
zacarias;4;1;4
zeferino;1;1;1
zelándia;5;2;10
zen;1;1;1
zeotéknika;1;1;1
zero;3;3;9
zhengzhou;1;1;1
zhuang;1;1;1
zidane;6;1;6
zona;1;1;1
zoom;5;3;15
zumalai;6;4;24
zélia;2;1;2
áfavór;2;2;4
áfrika;3;2;6
ámbitu;11;11;121
ángel;1;1;1
ár;3;1;3
área;114;73;8322
áustria;4;3;12
ázia;7;5;35
ázia-austrália;1;1;1
éktare;18;9;162
énfaze;2;2;4
époka;4;3;12
étika;1;1;1
índia;16;6;96
índise;1;1;1
óbitu;27;15;405
óbviu;1;1;1
ókulu;5;1;5
óleo;1;1;1
óleu;2;1;2
ómiku;1;1;1
óptimu;1;1;1
órden;6;5;30
órgaun;12;10;120
óspital;3;2;6
ótika;2;1;2
únika;1;1;1
úniku;3;3;9
